	dataset name	accuracy	loss	spearmanr	stage	dir
0	cola	0.8197507190795782	0.1240442858801947		0	/dccstor/fuse/outputs_eladv_pretrain/TrainIterateOverDataset_121
1	mrpc	0.8112745098039216	0.102476954460144		0	/dccstor/fuse/outputs_eladv_pretrain/TrainIterateOverDataset_121
2	qqp	0.8936433341578036	0.061606250231779		0	/dccstor/fuse/outputs_eladv_pretrain/TrainIterateOverDataset_121
3	stsb		0.1708037455876668	0.8415359557330486	0	/dccstor/fuse/outputs_eladv_pretrain/TrainIterateOverDataset_121
4	boolq	0.6666666666666666	0.1751494224254901		0	/dccstor/fuse/outputs_eladv_pretrain/TrainIterateOverDataset_121
5	cb	0.625	0.2548746466636657		0	/dccstor/fuse/outputs_eladv_pretrain/TrainIterateOverDataset_121
6	copa	0.56	0.1725687384605407		0	/dccstor/fuse/outputs_eladv_pretrain/TrainIterateOverDataset_121
7	multirc	0.5965346534653465	0.1760435857270893		0	/dccstor/fuse/outputs_eladv_pretrain/TrainIterateOverDataset_121
8	wic	0.6724137931034483	0.1995016932487487		0	/dccstor/fuse/outputs_eladv_pretrain/TrainIterateOverDataset_121
9	wsc	0.625	0.1699597984552383		0	/dccstor/fuse/outputs_eladv_pretrain/TrainIterateOverDataset_121
10	ag_news	0.8873333333333333	0.088710884253184		0	/dccstor/fuse/outputs_eladv_pretrain/TrainIterateOverDataset_121
11	isear	0.7040417209908736	0.2314506371815999		0	/dccstor/fuse/outputs_eladv_pretrain/TrainIterateOverDataset_121
12	yahoo_answers	0.7063333333333334	0.2403241197268168		0	/dccstor/fuse/outputs_eladv_pretrain/TrainIterateOverDataset_121
13	dbpedia	0.7793333333333333	0.1433669626712799		0	/dccstor/fuse/outputs_eladv_pretrain/TrainIterateOverDataset_121
14	20_newsgroup	0.8258098778544876	0.1572120634175963		0	/dccstor/fuse/outputs_eladv_pretrain/TrainIterateOverDataset_121
15	trec_fine	0.732	0.3420507609844208		0	/dccstor/fuse/outputs_eladv_pretrain/TrainIterateOverDataset_121
16	trec_coarse	0.952	0.0425773784518241		0	/dccstor/fuse/outputs_eladv_pretrain/TrainIterateOverDataset_121
17	poem_sentiment	0.7115384615384616	0.1973423063755035		0	/dccstor/fuse/outputs_eladv_pretrain/TrainIterateOverDataset_121
18	imdb	0.91384	0.0624138384449238		0	/dccstor/fuse/outputs_eladv_pretrain/TrainIterateOverDataset_121
19	rotten_tomatoes	0.8414634146341463	0.1011423826217651		0	/dccstor/fuse/outputs_eladv_pretrain/TrainIterateOverDataset_121
20	sst_5bins	0.5248868778280543	0.2794618606567383		0	/dccstor/fuse/outputs_eladv_pretrain/TrainIterateOverDataset_121
21	sst2	0.9174311926605504	0.0690903152738298		0	/dccstor/fuse/outputs_eladv_pretrain/TrainIterateOverDataset_121
22	amazon_reviews_multi	0.6636	0.1976843845995166		0	/dccstor/fuse/outputs_eladv_pretrain/TrainIterateOverDataset_121
23	financial_phrasebank	0.538	0.2389161884784698		0	/dccstor/fuse/outputs_eladv_pretrain/TrainIterateOverDataset_121
24	tweet_ev_emoji	0.44112	0.4618976329598585		0	/dccstor/fuse/outputs_eladv_pretrain/TrainIterateOverDataset_121
25	tweet_ev_emotion	0.7931034482758621	0.1537237478339153		0	/dccstor/fuse/outputs_eladv_pretrain/TrainIterateOverDataset_121
26	tweet_ev_hate	0.532996632996633	0.3335003455479939		0	/dccstor/fuse/outputs_eladv_pretrain/TrainIterateOverDataset_121
27	tweet_ev_irony	0.6466836734693877	0.1827105730772018		0	/dccstor/fuse/outputs_eladv_pretrain/TrainIterateOverDataset_121
28	tweet_ev_offensive	0.8418604651162791	0.09358583177839		0	/dccstor/fuse/outputs_eladv_pretrain/TrainIterateOverDataset_121
29	tweet_ev_sentiment	0.6875610550309346	0.1899044911066691		0	/dccstor/fuse/outputs_eladv_pretrain/TrainIterateOverDataset_121
30	mnli	0.8368592351505288	0.1155310532985589		0	/dccstor/fuse/outputs_eladv_pretrain/TrainIterateOverDataset_121
31	qnli	0.9004210140948197	0.0687769790028416		0	/dccstor/fuse/outputs_eladv_pretrain/TrainIterateOverDataset_121
32	rte	0.6137184115523465	0.1743533015251159		0	/dccstor/fuse/outputs_eladv_pretrain/TrainIterateOverDataset_121
33	wnli	0.5211267605633803	0.172984704375267		0	/dccstor/fuse/outputs_eladv_pretrain/TrainIterateOverDataset_121
34	esnli	0.901364006514658	0.0697373304611597		0	/dccstor/fuse/outputs_eladv_pretrain/TrainIterateOverDataset_121
35	anli	0.4690625	0.4606896209716797		0	/dccstor/fuse/outputs_eladv_pretrain/TrainIterateOverDataset_121
36	cola	0.8197507190795782	0.1429270108540853		1	/dccstor/fuse/outputs_eladv_pretrain/TrainIterateOverDataset_122
37	mrpc	0.8161764705882353	0.1124003082513809		1	/dccstor/fuse/outputs_eladv_pretrain/TrainIterateOverDataset_122
38	qqp	0.9031412317585952	0.0657144196425812		1	/dccstor/fuse/outputs_eladv_pretrain/TrainIterateOverDataset_122
39	stsb		0.1567101875940958	0.8546224316811032	1	/dccstor/fuse/outputs_eladv_pretrain/TrainIterateOverDataset_122
40	boolq	0.6847094801223241	0.1578844510591947		1	/dccstor/fuse/outputs_eladv_pretrain/TrainIterateOverDataset_122
41	cb	0.6428571428571429	0.247510552406311		1	/dccstor/fuse/outputs_eladv_pretrain/TrainIterateOverDataset_122
42	copa	0.55	0.1733229607343673		1	/dccstor/fuse/outputs_eladv_pretrain/TrainIterateOverDataset_122
43	multirc	0.6070544554455446	0.1696202629490902		1	/dccstor/fuse/outputs_eladv_pretrain/TrainIterateOverDataset_122
44	wic	0.677115987460815	0.1931025783220926		1	/dccstor/fuse/outputs_eladv_pretrain/TrainIterateOverDataset_122
45	wsc	0.3942307692307692	0.1749445796012878		1	/dccstor/fuse/outputs_eladv_pretrain/TrainIterateOverDataset_122
46	ag_news	0.8896666666666667	0.0945771932601928		1	/dccstor/fuse/outputs_eladv_pretrain/TrainIterateOverDataset_122
47	isear	0.6916558018252934	0.2288051048914591		1	/dccstor/fuse/outputs_eladv_pretrain/TrainIterateOverDataset_122
48	yahoo_answers	0.7066666666666667	0.237822671731313		1	/dccstor/fuse/outputs_eladv_pretrain/TrainIterateOverDataset_122
49	dbpedia	0.788	0.1407398184140523		1	/dccstor/fuse/outputs_eladv_pretrain/TrainIterateOverDataset_122
50	20_newsgroup	0.8167817312798725	0.1628825785750049		1	/dccstor/fuse/outputs_eladv_pretrain/TrainIterateOverDataset_122
51	trec_fine	0.748	0.3372953534126282		1	/dccstor/fuse/outputs_eladv_pretrain/TrainIterateOverDataset_122
52	trec_coarse	0.974	0.0296614132821559		1	/dccstor/fuse/outputs_eladv_pretrain/TrainIterateOverDataset_122
53	poem_sentiment	0.6634615384615384	0.269367903470993		1	/dccstor/fuse/outputs_eladv_pretrain/TrainIterateOverDataset_122
54	imdb	0.91404	0.0560278405948561		1	/dccstor/fuse/outputs_eladv_pretrain/TrainIterateOverDataset_122
55	rotten_tomatoes	0.8470919324577861	0.094293196996053		1	/dccstor/fuse/outputs_eladv_pretrain/TrainIterateOverDataset_122
56	sst_5bins	0.5104072398190045	0.2881003243582589		1	/dccstor/fuse/outputs_eladv_pretrain/TrainIterateOverDataset_122
57	sst2	0.9128440366972476	0.0574087585721697		1	/dccstor/fuse/outputs_eladv_pretrain/TrainIterateOverDataset_122
58	amazon_reviews_multi	0.653	0.1977745294570922		1	/dccstor/fuse/outputs_eladv_pretrain/TrainIterateOverDataset_122
59	financial_phrasebank	0.787	0.1587985903024673		1	/dccstor/fuse/outputs_eladv_pretrain/TrainIterateOverDataset_122
60	tweet_ev_emoji	0.4475	0.4612081386244205		1	/dccstor/fuse/outputs_eladv_pretrain/TrainIterateOverDataset_122
61	tweet_ev_emotion	0.7776213933849402	0.157646377881368		1	/dccstor/fuse/outputs_eladv_pretrain/TrainIterateOverDataset_122
62	tweet_ev_hate	0.5343434343434343	0.4185152451197306		1	/dccstor/fuse/outputs_eladv_pretrain/TrainIterateOverDataset_122
63	tweet_ev_irony	0.6479591836734694	0.1696546588625226		1	/dccstor/fuse/outputs_eladv_pretrain/TrainIterateOverDataset_122
64	tweet_ev_offensive	0.8418604651162791	0.0949425399303436		1	/dccstor/fuse/outputs_eladv_pretrain/TrainIterateOverDataset_122
65	tweet_ev_sentiment	0.6746173884728102	0.2124478618303934		1	/dccstor/fuse/outputs_eladv_pretrain/TrainIterateOverDataset_122
66	mnli	0.8330960130187144	0.1196437248816857		1	/dccstor/fuse/outputs_eladv_pretrain/TrainIterateOverDataset_122
67	qnli	0.90646165110745	0.0771137670029041		1	/dccstor/fuse/outputs_eladv_pretrain/TrainIterateOverDataset_122
68	rte	0.631768953068592	0.1566772957642873		1	/dccstor/fuse/outputs_eladv_pretrain/TrainIterateOverDataset_122
69	wnli	0.5774647887323944	0.1725551933050155		1	/dccstor/fuse/outputs_eladv_pretrain/TrainIterateOverDataset_122
70	esnli	0.8988192182410424	0.072527198048381		1	/dccstor/fuse/outputs_eladv_pretrain/TrainIterateOverDataset_122
71	anli	0.46375	0.4663800092843863		1	/dccstor/fuse/outputs_eladv_pretrain/TrainIterateOverDataset_122
72	cola	0.8168744007670182	0.1458044290542602		2	/dccstor/fuse/outputs_eladv_pretrain/TrainIterateOverDataset_123
73	mrpc	0.8308823529411765	0.1047800853848457		2	/dccstor/fuse/outputs_eladv_pretrain/TrainIterateOverDataset_123
74	qqp	0.8967845659163988	0.0631518907184842		2	/dccstor/fuse/outputs_eladv_pretrain/TrainIterateOverDataset_123
75	stsb		0.179197092851003	0.8427893958154303	2	/dccstor/fuse/outputs_eladv_pretrain/TrainIterateOverDataset_123
76	boolq	0.7073394495412844	0.1689739594092736		2	/dccstor/fuse/outputs_eladv_pretrain/TrainIterateOverDataset_123
77	cb	0.625	0.2303376644849777		2	/dccstor/fuse/outputs_eladv_pretrain/TrainIterateOverDataset_123
78	copa	0.55	0.176626443862915		2	/dccstor/fuse/outputs_eladv_pretrain/TrainIterateOverDataset_123
79	multirc	0.6087046204620462	0.1668101360923365		2	/dccstor/fuse/outputs_eladv_pretrain/TrainIterateOverDataset_123
80	wic	0.6128526645768025	0.1862160364786783		2	/dccstor/fuse/outputs_eladv_pretrain/TrainIterateOverDataset_123
81	wsc	0.6346153846153846	0.1654497236013412		2	/dccstor/fuse/outputs_eladv_pretrain/TrainIterateOverDataset_123
82	ag_news	0.8923333333333333	0.0849678059841724		2	/dccstor/fuse/outputs_eladv_pretrain/TrainIterateOverDataset_123
83	isear	0.6838331160365059	0.2302229007085164		2	/dccstor/fuse/outputs_eladv_pretrain/TrainIterateOverDataset_123
84	yahoo_answers	0.716	0.2378656069437662		2	/dccstor/fuse/outputs_eladv_pretrain/TrainIterateOverDataset_123
85	dbpedia	0.787	0.1396847379968521		2	/dccstor/fuse/outputs_eladv_pretrain/TrainIterateOverDataset_123
86	20_newsgroup	0.8169144981412639	0.1660786483247401		2	/dccstor/fuse/outputs_eladv_pretrain/TrainIterateOverDataset_123
87	trec_fine	0.71	0.3499037325382232		2	/dccstor/fuse/outputs_eladv_pretrain/TrainIterateOverDataset_123
88	trec_coarse	0.972	0.0345262512564659		2	/dccstor/fuse/outputs_eladv_pretrain/TrainIterateOverDataset_123
89	poem_sentiment	0.6634615384615384	0.288738340139389		2	/dccstor/fuse/outputs_eladv_pretrain/TrainIterateOverDataset_123
90	imdb	0.9106	0.084373191911347		2	/dccstor/fuse/outputs_eladv_pretrain/TrainIterateOverDataset_123
91	rotten_tomatoes	0.8405253283302064	0.0956331771962782		2	/dccstor/fuse/outputs_eladv_pretrain/TrainIterateOverDataset_123
92	sst_5bins	0.5104072398190045	0.3057519329918755		2	/dccstor/fuse/outputs_eladv_pretrain/TrainIterateOverDataset_123
93	sst2	0.9139908256880734	0.074995858328683		2	/dccstor/fuse/outputs_eladv_pretrain/TrainIterateOverDataset_123
94	amazon_reviews_multi	0.6552	0.2006362963326369		2	/dccstor/fuse/outputs_eladv_pretrain/TrainIterateOverDataset_123
95	financial_phrasebank	0.533	0.3104816973209381		2	/dccstor/fuse/outputs_eladv_pretrain/TrainIterateOverDataset_123
96	tweet_ev_emoji	0.44484	0.4722129255914322		2	/dccstor/fuse/outputs_eladv_pretrain/TrainIterateOverDataset_123
97	tweet_ev_emotion	0.7916959887403238	0.154279263123222		2	/dccstor/fuse/outputs_eladv_pretrain/TrainIterateOverDataset_123
98	tweet_ev_hate	0.5430976430976431	0.3711443150297124		2	/dccstor/fuse/outputs_eladv_pretrain/TrainIterateOverDataset_123
99	tweet_ev_irony	0.6301020408163265	0.1632560950059157		2	/dccstor/fuse/outputs_eladv_pretrain/TrainIterateOverDataset_123
100	tweet_ev_offensive	0.8383720930232558	0.0929004635129656		2	/dccstor/fuse/outputs_eladv_pretrain/TrainIterateOverDataset_123
101	tweet_ev_sentiment	0.6720123738196028	0.2170926531155904		2	/dccstor/fuse/outputs_eladv_pretrain/TrainIterateOverDataset_123
102	mnli	0.8339096826688365	0.1094410847394894		2	/dccstor/fuse/outputs_eladv_pretrain/TrainIterateOverDataset_123
103	qnli	0.90701079992678	0.0613885258519372		2	/dccstor/fuse/outputs_eladv_pretrain/TrainIterateOverDataset_123
104	rte	0.5992779783393501	0.1710118452707926		2	/dccstor/fuse/outputs_eladv_pretrain/TrainIterateOverDataset_123
105	wnli	0.5633802816901409	0.1716149151325225		2	/dccstor/fuse/outputs_eladv_pretrain/TrainIterateOverDataset_123
106	esnli	0.8980048859934854	0.0720787048339843		2	/dccstor/fuse/outputs_eladv_pretrain/TrainIterateOverDataset_123
107	anli	0.4653125	0.4675505065917968		2	/dccstor/fuse/outputs_eladv_pretrain/TrainIterateOverDataset_123
108	cola	0.825503355704698	0.1454145908355713		3	/dccstor/fuse/outputs_eladv_pretrain/TrainIterateOverDataset_124
109	mrpc	0.8382352941176471	0.095981016755104		3	/dccstor/fuse/outputs_eladv_pretrain/TrainIterateOverDataset_124
110	qqp	0.8946574325995548	0.0640372867825665		3	/dccstor/fuse/outputs_eladv_pretrain/TrainIterateOverDataset_124
111	stsb		0.186383585135142	0.8366496346123267	3	/dccstor/fuse/outputs_eladv_pretrain/TrainIterateOverDataset_124
112	boolq	0.6929663608562691	0.1876437297234168		3	/dccstor/fuse/outputs_eladv_pretrain/TrainIterateOverDataset_124
113	cb	0.6607142857142857	0.2173362523317337		3	/dccstor/fuse/outputs_eladv_pretrain/TrainIterateOverDataset_124
114	copa	0.46	0.1760273575782776		3	/dccstor/fuse/outputs_eladv_pretrain/TrainIterateOverDataset_124
115	multirc	0.6202557755775577	0.17120109106365		3	/dccstor/fuse/outputs_eladv_pretrain/TrainIterateOverDataset_124
116	wic	0.6285266457680251	0.1850685477256775		3	/dccstor/fuse/outputs_eladv_pretrain/TrainIterateOverDataset_124
117	wsc	0.6346153846153846	0.167377769947052		3	/dccstor/fuse/outputs_eladv_pretrain/TrainIterateOverDataset_124
118	ag_news	0.8886666666666667	0.0886201858520507		3	/dccstor/fuse/outputs_eladv_pretrain/TrainIterateOverDataset_124
119	isear	0.696870925684485	0.2265777587890625		3	/dccstor/fuse/outputs_eladv_pretrain/TrainIterateOverDataset_124
120	yahoo_answers	0.7053333333333334	0.2359186131903465		3	/dccstor/fuse/outputs_eladv_pretrain/TrainIterateOverDataset_124
121	dbpedia	0.7883333333333333	0.1414165598280886		3	/dccstor/fuse/outputs_eladv_pretrain/TrainIterateOverDataset_124
122	20_newsgroup	0.8230217737652682	0.16245505769374		3	/dccstor/fuse/outputs_eladv_pretrain/TrainIterateOverDataset_124
123	trec_fine	0.764	0.3223169445991516		3	/dccstor/fuse/outputs_eladv_pretrain/TrainIterateOverDataset_124
124	trec_coarse	0.962	0.0320783518254756		3	/dccstor/fuse/outputs_eladv_pretrain/TrainIterateOverDataset_124
125	poem_sentiment	0.6730769230769231	0.2090825140476226		3	/dccstor/fuse/outputs_eladv_pretrain/TrainIterateOverDataset_124
126	imdb	0.90956	0.055664023474964		3	/dccstor/fuse/outputs_eladv_pretrain/TrainIterateOverDataset_124
127	rotten_tomatoes	0.8424015009380863	0.1264199930078843		3	/dccstor/fuse/outputs_eladv_pretrain/TrainIterateOverDataset_124
128	sst_5bins	0.5194570135746607	0.2834095954895019		3	/dccstor/fuse/outputs_eladv_pretrain/TrainIterateOverDataset_124
129	sst2	0.9208715596330276	0.0626576329980577		3	/dccstor/fuse/outputs_eladv_pretrain/TrainIterateOverDataset_124
130	amazon_reviews_multi	0.658	0.1999415264853948		3	/dccstor/fuse/outputs_eladv_pretrain/TrainIterateOverDataset_124
131	financial_phrasebank	0.849	0.1254571229219436		3	/dccstor/fuse/outputs_eladv_pretrain/TrainIterateOverDataset_124
132	tweet_ev_emoji	0.44528	0.4614871676315737		3	/dccstor/fuse/outputs_eladv_pretrain/TrainIterateOverDataset_124
133	tweet_ev_emotion	0.7741027445460943	0.15450003872747		3	/dccstor/fuse/outputs_eladv_pretrain/TrainIterateOverDataset_124
134	tweet_ev_hate	0.534006734006734	0.3844112157821655		3	/dccstor/fuse/outputs_eladv_pretrain/TrainIterateOverDataset_124
135	tweet_ev_irony	0.625	0.1758661636939415		3	/dccstor/fuse/outputs_eladv_pretrain/TrainIterateOverDataset_124
136	tweet_ev_offensive	0.8465116279069768	0.0931105017662048		3	/dccstor/fuse/outputs_eladv_pretrain/TrainIterateOverDataset_124
137	tweet_ev_sentiment	0.6873168349071963	0.1813658078511556		3	/dccstor/fuse/outputs_eladv_pretrain/TrainIterateOverDataset_124
138	mnli	0.8322823433685923	0.1115611559384829		3	/dccstor/fuse/outputs_eladv_pretrain/TrainIterateOverDataset_124
139	qnli	0.9088412959912135	0.0626811814862628		3	/dccstor/fuse/outputs_eladv_pretrain/TrainIterateOverDataset_124
140	rte	0.6389891696750902	0.1646279215812683		3	/dccstor/fuse/outputs_eladv_pretrain/TrainIterateOverDataset_124
141	wnli	0.5633802816901409	0.1676420867443084		3	/dccstor/fuse/outputs_eladv_pretrain/TrainIterateOverDataset_124
142	esnli	0.8955618892508144	0.074516352120932		3	/dccstor/fuse/outputs_eladv_pretrain/TrainIterateOverDataset_124
143	anli	0.4753125	0.4830765151977539		3	/dccstor/fuse/outputs_eladv_pretrain/TrainIterateOverDataset_124
144	cola	0.8341323106423778	0.1527722723343793		4	/dccstor/fuse/outputs_eladv_pretrain/TrainIterateOverDataset_125
145	mrpc	0.8504901960784313	0.1185325298990522		4	/dccstor/fuse/outputs_eladv_pretrain/TrainIterateOverDataset_125
146	qqp	0.8969824387830818	0.0642393933066838		4	/dccstor/fuse/outputs_eladv_pretrain/TrainIterateOverDataset_125
147	stsb		0.1727402210235595	0.8452057579395102	4	/dccstor/fuse/outputs_eladv_pretrain/TrainIterateOverDataset_125
148	boolq	0.6902140672782875	0.1563782875354473		4	/dccstor/fuse/outputs_eladv_pretrain/TrainIterateOverDataset_125
149	cb	0.625	0.2476651966571808		4	/dccstor/fuse/outputs_eladv_pretrain/TrainIterateOverDataset_125
150	copa	0.58	0.1726468801498413		4	/dccstor/fuse/outputs_eladv_pretrain/TrainIterateOverDataset_125
151	multirc	0.6150990099009901	0.1638127753609105		4	/dccstor/fuse/outputs_eladv_pretrain/TrainIterateOverDataset_125
152	wic	0.6520376175548589	0.1643213987350464		4	/dccstor/fuse/outputs_eladv_pretrain/TrainIterateOverDataset_125
153	wsc	0.6346153846153846	0.1709707975387573		4	/dccstor/fuse/outputs_eladv_pretrain/TrainIterateOverDataset_125
154	ag_news	0.895	0.084274023771286		4	/dccstor/fuse/outputs_eladv_pretrain/TrainIterateOverDataset_125
155	isear	0.682529335071708	0.2328425645828247		4	/dccstor/fuse/outputs_eladv_pretrain/TrainIterateOverDataset_125
156	yahoo_answers	0.711	0.2297397370034075		4	/dccstor/fuse/outputs_eladv_pretrain/TrainIterateOverDataset_125
157	dbpedia	0.794	0.1370648830494982		4	/dccstor/fuse/outputs_eladv_pretrain/TrainIterateOverDataset_125
158	20_newsgroup	0.8223579394583113	0.1598347970994852		4	/dccstor/fuse/outputs_eladv_pretrain/TrainIterateOverDataset_125
159	trec_fine	0.72	0.3537154793739319		4	/dccstor/fuse/outputs_eladv_pretrain/TrainIterateOverDataset_125
160	trec_coarse	0.966	0.0394234545528888		4	/dccstor/fuse/outputs_eladv_pretrain/TrainIterateOverDataset_125
161	poem_sentiment	0.6634615384615384	0.3134480714797973		4	/dccstor/fuse/outputs_eladv_pretrain/TrainIterateOverDataset_125
162	imdb	0.91132	0.0868365910588478		4	/dccstor/fuse/outputs_eladv_pretrain/TrainIterateOverDataset_125
163	rotten_tomatoes	0.848968105065666	0.1337738037109375		4	/dccstor/fuse/outputs_eladv_pretrain/TrainIterateOverDataset_125
164	sst_5bins	0.5131221719457013	0.2944436073303222		4	/dccstor/fuse/outputs_eladv_pretrain/TrainIterateOverDataset_125
165	sst2	0.911697247706422	0.0625612224851335		4	/dccstor/fuse/outputs_eladv_pretrain/TrainIterateOverDataset_125
166	amazon_reviews_multi	0.6562	0.2004824876785278		4	/dccstor/fuse/outputs_eladv_pretrain/TrainIterateOverDataset_125
167	financial_phrasebank	0.807	0.1409354358911514		4	/dccstor/fuse/outputs_eladv_pretrain/TrainIterateOverDataset_125
168	tweet_ev_emoji	0.44356	0.4730387734025336		4	/dccstor/fuse/outputs_eladv_pretrain/TrainIterateOverDataset_125
169	tweet_ev_emotion	0.7945109078114004	0.1454703911491062		4	/dccstor/fuse/outputs_eladv_pretrain/TrainIterateOverDataset_125
170	tweet_ev_hate	0.54006734006734	0.3635922695728058		4	/dccstor/fuse/outputs_eladv_pretrain/TrainIterateOverDataset_125
171	tweet_ev_irony	0.6607142857142857	0.158210827754094		4	/dccstor/fuse/outputs_eladv_pretrain/TrainIterateOverDataset_125
172	tweet_ev_offensive	0.8325581395348837	0.0957444906234741		4	/dccstor/fuse/outputs_eladv_pretrain/TrainIterateOverDataset_125
173	tweet_ev_sentiment	0.6741289482253338	0.1948907375335693		4	/dccstor/fuse/outputs_eladv_pretrain/TrainIterateOverDataset_125
174	mnli	0.8336045565500407	0.1156763844675832		4	/dccstor/fuse/outputs_eladv_pretrain/TrainIterateOverDataset_125
175	qnli	0.900604063701263	0.0629578634750011		4	/dccstor/fuse/outputs_eladv_pretrain/TrainIterateOverDataset_125
176	rte	0.6462093862815884	0.1554172277450561		4	/dccstor/fuse/outputs_eladv_pretrain/TrainIterateOverDataset_125
177	wnli	0.5633802816901409	0.1716309040784835		4	/dccstor/fuse/outputs_eladv_pretrain/TrainIterateOverDataset_125
178	esnli	0.8967833876221498	0.0731495138886687		4	/dccstor/fuse/outputs_eladv_pretrain/TrainIterateOverDataset_125
179	anli	0.4621875	0.4006424331665039		4	/dccstor/fuse/outputs_eladv_pretrain/TrainIterateOverDataset_125
180	cola	0.8130393096836049	0.1242614633896771		5	/dccstor/fuse/outputs_eladv_pretrain/TrainIterateOverDataset_126
181	mrpc	0.7769607843137255	0.1341314315795898		5	/dccstor/fuse/outputs_eladv_pretrain/TrainIterateOverDataset_126
182	qqp	0.8961167449913431	0.0615838328494301		5	/dccstor/fuse/outputs_eladv_pretrain/TrainIterateOverDataset_126
183	stsb		0.1710078517595926	0.8500691003891434	5	/dccstor/fuse/outputs_eladv_pretrain/TrainIterateOverDataset_126
184	boolq	0.6859327217125383	0.1527717847090501		5	/dccstor/fuse/outputs_eladv_pretrain/TrainIterateOverDataset_126
185	cb	0.5	0.2280523031949997		5	/dccstor/fuse/outputs_eladv_pretrain/TrainIterateOverDataset_126
186	copa	0.55	0.1723369061946869		5	/dccstor/fuse/outputs_eladv_pretrain/TrainIterateOverDataset_126
187	multirc	0.5870462046204621	0.1686895646547016		5	/dccstor/fuse/outputs_eladv_pretrain/TrainIterateOverDataset_126
188	wic	0.6536050156739812	0.195355999469757		5	/dccstor/fuse/outputs_eladv_pretrain/TrainIterateOverDataset_126
189	wsc	0.6346153846153846	0.1650240272283554		5	/dccstor/fuse/outputs_eladv_pretrain/TrainIterateOverDataset_126
190	ag_news	0.888	0.0933193551733138		5	/dccstor/fuse/outputs_eladv_pretrain/TrainIterateOverDataset_126
191	isear	0.6942633637548892	0.2243472735087076		5	/dccstor/fuse/outputs_eladv_pretrain/TrainIterateOverDataset_126
192	yahoo_answers	0.7113333333333334	0.2301463674991689		5	/dccstor/fuse/outputs_eladv_pretrain/TrainIterateOverDataset_126
193	dbpedia	0.7926666666666666	0.1351100901762644		5	/dccstor/fuse/outputs_eladv_pretrain/TrainIterateOverDataset_126
194	20_newsgroup	0.8153212958045671	0.1634680052935067		5	/dccstor/fuse/outputs_eladv_pretrain/TrainIterateOverDataset_126
195	trec_fine	0.718	0.3542232811450958		5	/dccstor/fuse/outputs_eladv_pretrain/TrainIterateOverDataset_126
196	trec_coarse	0.972	0.0294646173715591		5	/dccstor/fuse/outputs_eladv_pretrain/TrainIterateOverDataset_126
197	poem_sentiment	0.6730769230769231	0.1856341958045959		5	/dccstor/fuse/outputs_eladv_pretrain/TrainIterateOverDataset_126
198	imdb	0.91204	0.062387534550258		5	/dccstor/fuse/outputs_eladv_pretrain/TrainIterateOverDataset_126
199	rotten_tomatoes	0.849906191369606	0.1111500543706557		5	/dccstor/fuse/outputs_eladv_pretrain/TrainIterateOverDataset_126
200	sst_5bins	0.516289592760181	0.3027498986985948		5	/dccstor/fuse/outputs_eladv_pretrain/TrainIterateOverDataset_126
201	sst2	0.9174311926605504	0.0638372089181627		5	/dccstor/fuse/outputs_eladv_pretrain/TrainIterateOverDataset_126
202	amazon_reviews_multi	0.6596	0.2028971672058105		5	/dccstor/fuse/outputs_eladv_pretrain/TrainIterateOverDataset_126
203	financial_phrasebank	0.524	0.2677720189094543		5	/dccstor/fuse/outputs_eladv_pretrain/TrainIterateOverDataset_126
204	tweet_ev_emoji	0.44404	0.4711757181855419		5	/dccstor/fuse/outputs_eladv_pretrain/TrainIterateOverDataset_126
205	tweet_ev_emotion	0.7987332864180154	0.1442191004753112		5	/dccstor/fuse/outputs_eladv_pretrain/TrainIterateOverDataset_126
206	tweet_ev_hate	0.5037037037037037	0.3601366002508934		5	/dccstor/fuse/outputs_eladv_pretrain/TrainIterateOverDataset_126
207	tweet_ev_irony	0.6288265306122449	0.1726978506360735		5	/dccstor/fuse/outputs_eladv_pretrain/TrainIterateOverDataset_126
208	tweet_ev_offensive	0.8569767441860465	0.0913617781230381		5	/dccstor/fuse/outputs_eladv_pretrain/TrainIterateOverDataset_126
209	tweet_ev_sentiment	0.676489742754803	0.2085373600323995		5	/dccstor/fuse/outputs_eladv_pretrain/TrainIterateOverDataset_126
210	mnli	0.8326891781936534	0.1058112677041586		5	/dccstor/fuse/outputs_eladv_pretrain/TrainIterateOverDataset_126
211	qnli	0.9068277503203368	0.0686639297840207		5	/dccstor/fuse/outputs_eladv_pretrain/TrainIterateOverDataset_126
212	rte	0.631768953068592	0.1472072303295135		5	/dccstor/fuse/outputs_eladv_pretrain/TrainIterateOverDataset_126
213	wnli	0.5915492957746479	0.169727012515068		5	/dccstor/fuse/outputs_eladv_pretrain/TrainIterateOverDataset_126
214	esnli	0.8966815960912052	0.0725448534086153		5	/dccstor/fuse/outputs_eladv_pretrain/TrainIterateOverDataset_126
215	anli	0.465	0.432310562133789		5	/dccstor/fuse/outputs_eladv_pretrain/TrainIterateOverDataset_126
216	cola	0.8139980824544583	0.143959550296559		6	/dccstor/fuse/outputs_eladv_pretrain/TrainIterateOverDataset_127
217	mrpc	0.8137254901960784	0.0999020678656441		6	/dccstor/fuse/outputs_eladv_pretrain/TrainIterateOverDataset_127
218	qqp	0.902696017808558	0.0630987143214744		6	/dccstor/fuse/outputs_eladv_pretrain/TrainIterateOverDataset_127
219	stsb		0.1829763452212015	0.8409671322461241	6	/dccstor/fuse/outputs_eladv_pretrain/TrainIterateOverDataset_127
220	boolq	0.6981651376146789	0.1794960315410907		6	/dccstor/fuse/outputs_eladv_pretrain/TrainIterateOverDataset_127
221	cb	0.6785714285714286	0.2313538789749145		6	/dccstor/fuse/outputs_eladv_pretrain/TrainIterateOverDataset_127
222	copa	0.55	0.1719692200422287		6	/dccstor/fuse/outputs_eladv_pretrain/TrainIterateOverDataset_127
223	multirc	0.615924092409241	0.1636257548081247		6	/dccstor/fuse/outputs_eladv_pretrain/TrainIterateOverDataset_127
224	wic	0.6144200626959248	0.1901226997375488		6	/dccstor/fuse/outputs_eladv_pretrain/TrainIterateOverDataset_127
225	wsc	0.6346153846153846	0.1644546389579773		6	/dccstor/fuse/outputs_eladv_pretrain/TrainIterateOverDataset_127
226	ag_news	0.8923333333333333	0.0921960572401682		6	/dccstor/fuse/outputs_eladv_pretrain/TrainIterateOverDataset_127
227	isear	0.6786179921773142	0.229749063650767		6	/dccstor/fuse/outputs_eladv_pretrain/TrainIterateOverDataset_127
228	yahoo_answers	0.7123333333333334	0.2454904516537984		6	/dccstor/fuse/outputs_eladv_pretrain/TrainIterateOverDataset_127
229	dbpedia	0.7883333333333333	0.1395361677129218		6	/dccstor/fuse/outputs_eladv_pretrain/TrainIterateOverDataset_127
230	20_newsgroup	0.8143919277748274	0.164868936700336		6	/dccstor/fuse/outputs_eladv_pretrain/TrainIterateOverDataset_127
231	trec_fine	0.732	0.3571993708610534		6	/dccstor/fuse/outputs_eladv_pretrain/TrainIterateOverDataset_127
232	trec_coarse	0.962	0.0412565022706985		6	/dccstor/fuse/outputs_eladv_pretrain/TrainIterateOverDataset_127
233	poem_sentiment	0.625	0.2971980273723602		6	/dccstor/fuse/outputs_eladv_pretrain/TrainIterateOverDataset_127
234	imdb	0.90936	0.0731165659092271		6	/dccstor/fuse/outputs_eladv_pretrain/TrainIterateOverDataset_127
235	rotten_tomatoes	0.8386491557223265	0.1207942830191718		6	/dccstor/fuse/outputs_eladv_pretrain/TrainIterateOverDataset_127
236	sst_5bins	0.5140271493212669	0.2960246404012044		6	/dccstor/fuse/outputs_eladv_pretrain/TrainIterateOverDataset_127
237	sst2	0.9220183486238532	0.0607661136559077		6	/dccstor/fuse/outputs_eladv_pretrain/TrainIterateOverDataset_127
238	amazon_reviews_multi	0.6542	0.1994712829589843		6	/dccstor/fuse/outputs_eladv_pretrain/TrainIterateOverDataset_127
239	financial_phrasebank	0.807	0.135653406381607		6	/dccstor/fuse/outputs_eladv_pretrain/TrainIterateOverDataset_127
240	tweet_ev_emoji	0.44046	0.4692931894756034		6	/dccstor/fuse/outputs_eladv_pretrain/TrainIterateOverDataset_127
241	tweet_ev_emotion	0.7994370161857847	0.1475881934165954		6	/dccstor/fuse/outputs_eladv_pretrain/TrainIterateOverDataset_127
242	tweet_ev_hate	0.5303030303030303	0.4313121552162982		6	/dccstor/fuse/outputs_eladv_pretrain/TrainIterateOverDataset_127
243	tweet_ev_irony	0.673469387755102	0.1600945442914962		6	/dccstor/fuse/outputs_eladv_pretrain/TrainIterateOverDataset_127
244	tweet_ev_offensive	0.8348837209302326	0.0939559851373944		6	/dccstor/fuse/outputs_eladv_pretrain/TrainIterateOverDataset_127
245	tweet_ev_sentiment	0.6861771409964181	0.1965629657109578		6	/dccstor/fuse/outputs_eladv_pretrain/TrainIterateOverDataset_127
246	mnli	0.8370626525630595	0.1155322557919985		6	/dccstor/fuse/outputs_eladv_pretrain/TrainIterateOverDataset_127
247	qnli	0.9049972542559034	0.0901858141255933		6	/dccstor/fuse/outputs_eladv_pretrain/TrainIterateOverDataset_127
248	rte	0.6498194945848376	0.1631014823913574		6	/dccstor/fuse/outputs_eladv_pretrain/TrainIterateOverDataset_127
249	wnli	0.5633802816901409	0.1656369566917419		6	/dccstor/fuse/outputs_eladv_pretrain/TrainIterateOverDataset_127
250	esnli	0.8968851791530945	0.071219456660283		6	/dccstor/fuse/outputs_eladv_pretrain/TrainIterateOverDataset_127
251	anli	0.4609375	0.4241118240356445		6	/dccstor/fuse/outputs_eladv_pretrain/TrainIterateOverDataset_127
252	cola	0.8178331735378715	0.1454712629318237		7	/dccstor/fuse/outputs_eladv_pretrain/TrainIterateOverDataset_128
253	mrpc	0.8480392156862745	0.1049089431762695		7	/dccstor/fuse/outputs_eladv_pretrain/TrainIterateOverDataset_128
254	qqp	0.903635913925303	0.0611520839642874		7	/dccstor/fuse/outputs_eladv_pretrain/TrainIterateOverDataset_128
255	stsb		0.1824326515197754	0.8374585515392377	7	/dccstor/fuse/outputs_eladv_pretrain/TrainIterateOverDataset_128
256	boolq	0.6697247706422018	0.1838746987856351		7	/dccstor/fuse/outputs_eladv_pretrain/TrainIterateOverDataset_128
257	cb	0.6071428571428571	0.228678897023201		7	/dccstor/fuse/outputs_eladv_pretrain/TrainIterateOverDataset_128
258	copa	0.45	0.1773461550474167		7	/dccstor/fuse/outputs_eladv_pretrain/TrainIterateOverDataset_128
259	multirc	0.6198432343234324	0.1627299785614013		7	/dccstor/fuse/outputs_eladv_pretrain/TrainIterateOverDataset_128
260	wic	0.6802507836990596	0.1935804963111877		7	/dccstor/fuse/outputs_eladv_pretrain/TrainIterateOverDataset_128
261	wsc	0.6634615384615384	0.1704176813364029		7	/dccstor/fuse/outputs_eladv_pretrain/TrainIterateOverDataset_128
262	ag_news	0.8906666666666667	0.0869231731333631		7	/dccstor/fuse/outputs_eladv_pretrain/TrainIterateOverDataset_128
263	isear	0.7027379400260756	0.2236484487851461		7	/dccstor/fuse/outputs_eladv_pretrain/TrainIterateOverDataset_128
264	yahoo_answers	0.713	0.2301061948140462		7	/dccstor/fuse/outputs_eladv_pretrain/TrainIterateOverDataset_128
265	dbpedia	0.781	0.1449501812458038		7	/dccstor/fuse/outputs_eladv_pretrain/TrainIterateOverDataset_128
266	20_newsgroup	0.822623473181094	0.1608543072716664		7	/dccstor/fuse/outputs_eladv_pretrain/TrainIterateOverDataset_128
267	trec_fine	0.72	0.3399486541748047		7	/dccstor/fuse/outputs_eladv_pretrain/TrainIterateOverDataset_128
268	trec_coarse	0.974	0.029561124742031		7	/dccstor/fuse/outputs_eladv_pretrain/TrainIterateOverDataset_128
269	poem_sentiment	0.6634615384615384	0.3003962934017181		7	/dccstor/fuse/outputs_eladv_pretrain/TrainIterateOverDataset_128
270	imdb	0.91204	0.056976386478969		7	/dccstor/fuse/outputs_eladv_pretrain/TrainIterateOverDataset_128
271	rotten_tomatoes	0.849906191369606	0.098611694574356		7	/dccstor/fuse/outputs_eladv_pretrain/TrainIterateOverDataset_128
272	sst_5bins	0.5113122171945701	0.3020464488438197		7	/dccstor/fuse/outputs_eladv_pretrain/TrainIterateOverDataset_128
273	sst2	0.9105504587155964	0.056653014251164		7	/dccstor/fuse/outputs_eladv_pretrain/TrainIterateOverDataset_128
274	amazon_reviews_multi	0.6584	0.1971802047536343		7	/dccstor/fuse/outputs_eladv_pretrain/TrainIterateOverDataset_128
275	financial_phrasebank	0.827	0.1349309533834457		7	/dccstor/fuse/outputs_eladv_pretrain/TrainIterateOverDataset_128
276	tweet_ev_emoji	0.44172	0.4734253396793287		7	/dccstor/fuse/outputs_eladv_pretrain/TrainIterateOverDataset_128
277	tweet_ev_emotion	0.7874736101337086	0.148041818452918		7	/dccstor/fuse/outputs_eladv_pretrain/TrainIterateOverDataset_128
278	tweet_ev_hate	0.5178451178451179	0.4847081367005693		7	/dccstor/fuse/outputs_eladv_pretrain/TrainIterateOverDataset_128
279	tweet_ev_irony	0.6313775510204082	0.1679816612830529		7	/dccstor/fuse/outputs_eladv_pretrain/TrainIterateOverDataset_128
280	tweet_ev_offensive	0.8511627906976744	0.0919649175235203		7	/dccstor/fuse/outputs_eladv_pretrain/TrainIterateOverDataset_128
281	tweet_ev_sentiment	0.6817811787691306	0.189805527528127		7	/dccstor/fuse/outputs_eladv_pretrain/TrainIterateOverDataset_128
282	mnli	0.8292310821806347	0.1081472248226017		7	/dccstor/fuse/outputs_eladv_pretrain/TrainIterateOverDataset_128
283	qnli	0.9088412959912135	0.0684298637301422		7	/dccstor/fuse/outputs_eladv_pretrain/TrainIterateOverDataset_128
284	rte	0.628158844765343	0.1500822007656097		7	/dccstor/fuse/outputs_eladv_pretrain/TrainIterateOverDataset_128
285	wnli	0.4366197183098591	0.1785068213939666		7	/dccstor/fuse/outputs_eladv_pretrain/TrainIterateOverDataset_128
286	esnli	0.8961726384364821	0.0741819282630821		7	/dccstor/fuse/outputs_eladv_pretrain/TrainIterateOverDataset_128
287	anli	0.465625	0.4959886932373047		7	/dccstor/fuse/outputs_eladv_pretrain/TrainIterateOverDataset_128
288	cola	0.8293384467881112	0.1425724590525907		8	/dccstor/fuse/outputs_eladv_pretrain/TrainIterateOverDataset_129
289	mrpc	0.8553921568627451	0.0956830808094569		8	/dccstor/fuse/outputs_eladv_pretrain/TrainIterateOverDataset_129
290	qqp	0.8941132822161761	0.0649364205855357		8	/dccstor/fuse/outputs_eladv_pretrain/TrainIterateOverDataset_129
291	stsb		0.165899783372879	0.8475781599283845	8	/dccstor/fuse/outputs_eladv_pretrain/TrainIterateOverDataset_129
292	boolq	0.689908256880734	0.169868909395658		8	/dccstor/fuse/outputs_eladv_pretrain/TrainIterateOverDataset_129
293	cb	0.6785714285714286	0.2473213523626327		8	/dccstor/fuse/outputs_eladv_pretrain/TrainIterateOverDataset_129
294	copa	0.56	0.1723416745662689		8	/dccstor/fuse/outputs_eladv_pretrain/TrainIterateOverDataset_129
295	multirc	0.6117986798679867	0.1650426387786865		8	/dccstor/fuse/outputs_eladv_pretrain/TrainIterateOverDataset_129
296	wic	0.6269592476489029	0.1914856235186258		8	/dccstor/fuse/outputs_eladv_pretrain/TrainIterateOverDataset_129
297	wsc	0.6346153846153846	0.16745625436306		8	/dccstor/fuse/outputs_eladv_pretrain/TrainIterateOverDataset_129
298	ag_news	0.8893333333333333	0.0910164346086218		8	/dccstor/fuse/outputs_eladv_pretrain/TrainIterateOverDataset_129
299	isear	0.6864406779661016	0.2315150300661722		8	/dccstor/fuse/outputs_eladv_pretrain/TrainIterateOverDataset_129
300	yahoo_answers	0.7063333333333334	0.2379899938055809		8	/dccstor/fuse/outputs_eladv_pretrain/TrainIterateOverDataset_129
301	dbpedia	0.7883333333333333	0.1395844601570291		8	/dccstor/fuse/outputs_eladv_pretrain/TrainIterateOverDataset_129
302	20_newsgroup	0.82129580456718	0.1627486069997151		8	/dccstor/fuse/outputs_eladv_pretrain/TrainIterateOverDataset_129
303	trec_fine	0.764	0.3411005437374115		8	/dccstor/fuse/outputs_eladv_pretrain/TrainIterateOverDataset_129
304	trec_coarse	0.966	0.0394826084375381		8	/dccstor/fuse/outputs_eladv_pretrain/TrainIterateOverDataset_129
305	poem_sentiment	0.6730769230769231	0.2037625759840011		8	/dccstor/fuse/outputs_eladv_pretrain/TrainIterateOverDataset_129
306	imdb	0.91276	0.0630682874518587		8	/dccstor/fuse/outputs_eladv_pretrain/TrainIterateOverDataset_129
307	rotten_tomatoes	0.8461538461538461	0.1135477037990794		8	/dccstor/fuse/outputs_eladv_pretrain/TrainIterateOverDataset_129
308	sst_5bins	0.5076923076923077	0.2836898531232561		8	/dccstor/fuse/outputs_eladv_pretrain/TrainIterateOverDataset_129
309	sst2	0.9162844036697247	0.0774702685219901		8	/dccstor/fuse/outputs_eladv_pretrain/TrainIterateOverDataset_129
310	amazon_reviews_multi	0.654	0.1991322915765303		8	/dccstor/fuse/outputs_eladv_pretrain/TrainIterateOverDataset_129
311	financial_phrasebank	0.576	0.2009109705686569		8	/dccstor/fuse/outputs_eladv_pretrain/TrainIterateOverDataset_129
312	tweet_ev_emoji	0.45244	0.4563943223880075		8	/dccstor/fuse/outputs_eladv_pretrain/TrainIterateOverDataset_129
313	tweet_ev_emotion	0.7853624208304011	0.1482195754845937		8	/dccstor/fuse/outputs_eladv_pretrain/TrainIterateOverDataset_129
314	tweet_ev_hate	0.5057239057239057	0.4226647615432739		8	/dccstor/fuse/outputs_eladv_pretrain/TrainIterateOverDataset_129
315	tweet_ev_irony	0.6632653061224489	0.169415914095365		8	/dccstor/fuse/outputs_eladv_pretrain/TrainIterateOverDataset_129
316	tweet_ev_offensive	0.8395348837209302	0.0919725384031023		8	/dccstor/fuse/outputs_eladv_pretrain/TrainIterateOverDataset_129
317	tweet_ev_sentiment	0.6853630739172908	0.2080415487289428		8	/dccstor/fuse/outputs_eladv_pretrain/TrainIterateOverDataset_129
318	mnli	0.8328925956061839	0.1141026360648019		8	/dccstor/fuse/outputs_eladv_pretrain/TrainIterateOverDataset_129
319	qnli	0.8973091707852828	0.0659251646562056		8	/dccstor/fuse/outputs_eladv_pretrain/TrainIterateOverDataset_129
320	rte	0.5992779783393501	0.1679916262626647		8	/dccstor/fuse/outputs_eladv_pretrain/TrainIterateOverDataset_129
321	wnli	0.5633802816901409	0.1672334969043731		8	/dccstor/fuse/outputs_eladv_pretrain/TrainIterateOverDataset_129
322	esnli	0.9000407166123778	0.0695908742073254		8	/dccstor/fuse/outputs_eladv_pretrain/TrainIterateOverDataset_129
323	anli	0.475	0.4703603891225961		8	/dccstor/fuse/outputs_eladv_pretrain/TrainIterateOverDataset_129
324	cola	0.8120805369127517	0.1519547630758846		9	/dccstor/fuse/outputs_eladv_pretrain/TrainIterateOverDataset_130
325	mrpc	0.8382352941176471	0.0956647225788661		9	/dccstor/fuse/outputs_eladv_pretrain/TrainIterateOverDataset_130
326	qqp	0.8983180806331932	0.0626032322267942		9	/dccstor/fuse/outputs_eladv_pretrain/TrainIterateOverDataset_130
327	stsb		0.1877186695734659	0.8389657284453955	9	/dccstor/fuse/outputs_eladv_pretrain/TrainIterateOverDataset_130
328	boolq	0.6844036697247706	0.1853198454930232		9	/dccstor/fuse/outputs_eladv_pretrain/TrainIterateOverDataset_130
329	cb	0.5	0.2556928396224975		9	/dccstor/fuse/outputs_eladv_pretrain/TrainIterateOverDataset_130
330	copa	0.53	0.1736461967229843		9	/dccstor/fuse/outputs_eladv_pretrain/TrainIterateOverDataset_130
331	multirc	0.6093234323432343	0.1657100727683619		9	/dccstor/fuse/outputs_eladv_pretrain/TrainIterateOverDataset_130
332	wic	0.6442006269592476	0.1699929237365722		9	/dccstor/fuse/outputs_eladv_pretrain/TrainIterateOverDataset_130
333	wsc	0.6346153846153846	0.1625256240367889		9	/dccstor/fuse/outputs_eladv_pretrain/TrainIterateOverDataset_130
334	ag_news	0.895	0.0886201461156209		9	/dccstor/fuse/outputs_eladv_pretrain/TrainIterateOverDataset_130
335	isear	0.6747066492829205	0.2404031952222188		9	/dccstor/fuse/outputs_eladv_pretrain/TrainIterateOverDataset_130
336	yahoo_answers	0.7033333333333334	0.2394208502262196		9	/dccstor/fuse/outputs_eladv_pretrain/TrainIterateOverDataset_130
337	dbpedia	0.7946666666666666	0.1361492673556009		9	/dccstor/fuse/outputs_eladv_pretrain/TrainIterateOverDataset_130
338	20_newsgroup	0.8256771109930962	0.1564581235249837		9	/dccstor/fuse/outputs_eladv_pretrain/TrainIterateOverDataset_130
339	trec_fine	0.718	0.3463674783706665		9	/dccstor/fuse/outputs_eladv_pretrain/TrainIterateOverDataset_130
340	trec_coarse	0.974	0.0309883542358875		9	/dccstor/fuse/outputs_eladv_pretrain/TrainIterateOverDataset_130
341	poem_sentiment	0.7019230769230769	0.1890850663185119		9	/dccstor/fuse/outputs_eladv_pretrain/TrainIterateOverDataset_130
342	imdb	0.91192	0.0564438461342736		9	/dccstor/fuse/outputs_eladv_pretrain/TrainIterateOverDataset_130
343	rotten_tomatoes	0.8405253283302064	0.1333896412568933		9	/dccstor/fuse/outputs_eladv_pretrain/TrainIterateOverDataset_130
344	sst_5bins	0.5122171945701357	0.2941969190325055		9	/dccstor/fuse/outputs_eladv_pretrain/TrainIterateOverDataset_130
345	sst2	0.9174311926605504	0.0733143176351274		9	/dccstor/fuse/outputs_eladv_pretrain/TrainIterateOverDataset_130
346	amazon_reviews_multi	0.6604	0.1979725241661071		9	/dccstor/fuse/outputs_eladv_pretrain/TrainIterateOverDataset_130
347	financial_phrasebank	0.83	0.1268907636404037		9	/dccstor/fuse/outputs_eladv_pretrain/TrainIterateOverDataset_130
348	tweet_ev_emoji	0.44382	0.4732018980528692		9	/dccstor/fuse/outputs_eladv_pretrain/TrainIterateOverDataset_130
349	tweet_ev_emotion	0.7839549612948628	0.1578649645266325		9	/dccstor/fuse/outputs_eladv_pretrain/TrainIterateOverDataset_130
350	tweet_ev_hate	0.5154882154882154	0.3330472111701965		9	/dccstor/fuse/outputs_eladv_pretrain/TrainIterateOverDataset_130
351	tweet_ev_irony	0.6530612244897959	0.17174132168293		9	/dccstor/fuse/outputs_eladv_pretrain/TrainIterateOverDataset_130
352	tweet_ev_offensive	0.8383720930232558	0.0932174154690333		9	/dccstor/fuse/outputs_eladv_pretrain/TrainIterateOverDataset_130
353	tweet_ev_sentiment	0.6839791598827744	0.1887736916542053		9	/dccstor/fuse/outputs_eladv_pretrain/TrainIterateOverDataset_130
354	mnli	0.8331977217249796	0.1113100296411758		9	/dccstor/fuse/outputs_eladv_pretrain/TrainIterateOverDataset_130
355	qnli	0.9007871133077064	0.0644076702206633		9	/dccstor/fuse/outputs_eladv_pretrain/TrainIterateOverDataset_130
356	rte	0.6101083032490975	0.1671004652976989		9	/dccstor/fuse/outputs_eladv_pretrain/TrainIterateOverDataset_130
357	wnli	0.5633802816901409	0.1704243570566177		9	/dccstor/fuse/outputs_eladv_pretrain/TrainIterateOverDataset_130
358	esnli	0.8976995114006515	0.0726233643370789		9	/dccstor/fuse/outputs_eladv_pretrain/TrainIterateOverDataset_130
359	anli	0.45625	0.4035369066091684		9	/dccstor/fuse/outputs_eladv_pretrain/TrainIterateOverDataset_130
360	cola	0.8264621284755513	0.1381311178207397		10	/dccstor/fuse/outputs_eladv_pretrain/TrainIterateOverDataset_131
361	mrpc	0.7892156862745098	0.1051785605294363		10	/dccstor/fuse/outputs_eladv_pretrain/TrainIterateOverDataset_131
362	qqp	0.9010388325500864	0.0673828909668741		10	/dccstor/fuse/outputs_eladv_pretrain/TrainIterateOverDataset_131
363	stsb		0.1689869960149129	0.8490647453362674	10	/dccstor/fuse/outputs_eladv_pretrain/TrainIterateOverDataset_131
364	boolq	0.6629969418960244	0.1556817384866567		10	/dccstor/fuse/outputs_eladv_pretrain/TrainIterateOverDataset_131
365	cb	0.625	0.2293829917907714		10	/dccstor/fuse/outputs_eladv_pretrain/TrainIterateOverDataset_131
366	copa	0.54	0.1732010394334793		10	/dccstor/fuse/outputs_eladv_pretrain/TrainIterateOverDataset_131
367	multirc	0.6091171617161716	0.1766861990878456		10	/dccstor/fuse/outputs_eladv_pretrain/TrainIterateOverDataset_131
368	wic	0.6661442006269592	0.1964491208394368		10	/dccstor/fuse/outputs_eladv_pretrain/TrainIterateOverDataset_131
369	wsc	0.6346153846153846	0.16957388818264		10	/dccstor/fuse/outputs_eladv_pretrain/TrainIterateOverDataset_131
370	ag_news	0.8823333333333333	0.0875585637194045		10	/dccstor/fuse/outputs_eladv_pretrain/TrainIterateOverDataset_131
371	isear	0.6962190352020861	0.2252874175707499		10	/dccstor/fuse/outputs_eladv_pretrain/TrainIterateOverDataset_131
372	yahoo_answers	0.7126666666666667	0.2283322151671064		10	/dccstor/fuse/outputs_eladv_pretrain/TrainIterateOverDataset_131
373	dbpedia	0.7893333333333333	0.1360191690160873		10	/dccstor/fuse/outputs_eladv_pretrain/TrainIterateOverDataset_131
374	20_newsgroup	0.8252788104089219	0.1601921501806227		10	/dccstor/fuse/outputs_eladv_pretrain/TrainIterateOverDataset_131
375	trec_fine	0.732	0.3391859829425812		10	/dccstor/fuse/outputs_eladv_pretrain/TrainIterateOverDataset_131
376	trec_coarse	0.968	0.0376149415969848		10	/dccstor/fuse/outputs_eladv_pretrain/TrainIterateOverDataset_131
377	poem_sentiment	0.6634615384615384	0.2762447893619537		10	/dccstor/fuse/outputs_eladv_pretrain/TrainIterateOverDataset_131
378	imdb	0.90992	0.0631222493203399		10	/dccstor/fuse/outputs_eladv_pretrain/TrainIterateOverDataset_131
379	rotten_tomatoes	0.851782363977486	0.1338478396920596		10	/dccstor/fuse/outputs_eladv_pretrain/TrainIterateOverDataset_131
380	sst_5bins	0.5257918552036199	0.2826235089983259		10	/dccstor/fuse/outputs_eladv_pretrain/TrainIterateOverDataset_131
381	sst2	0.9151376146788992	0.0709537991455623		10	/dccstor/fuse/outputs_eladv_pretrain/TrainIterateOverDataset_131
382	amazon_reviews_multi	0.6542	0.201117467880249		10	/dccstor/fuse/outputs_eladv_pretrain/TrainIterateOverDataset_131
383	financial_phrasebank	0.544	0.2877404689788818		10	/dccstor/fuse/outputs_eladv_pretrain/TrainIterateOverDataset_131
384	tweet_ev_emoji	0.4424	0.4695137589788802		10	/dccstor/fuse/outputs_eladv_pretrain/TrainIterateOverDataset_131
385	tweet_ev_emotion	0.7797325826882477	0.149411564287932		10	/dccstor/fuse/outputs_eladv_pretrain/TrainIterateOverDataset_131
386	tweet_ev_hate	0.5336700336700336	0.3796828587849934		10	/dccstor/fuse/outputs_eladv_pretrain/TrainIterateOverDataset_131
387	tweet_ev_irony	0.6760204081632653	0.1782586574554443		10	/dccstor/fuse/outputs_eladv_pretrain/TrainIterateOverDataset_131
388	tweet_ev_offensive	0.85	0.0926150977611541		10	/dccstor/fuse/outputs_eladv_pretrain/TrainIterateOverDataset_131
389	tweet_ev_sentiment	0.6908987300553565	0.1867431402206421		10	/dccstor/fuse/outputs_eladv_pretrain/TrainIterateOverDataset_131
390	mnli	0.8348250610252238	0.1083473547911032		10	/dccstor/fuse/outputs_eladv_pretrain/TrainIterateOverDataset_131
391	qnli	0.8998718652754897	0.0938403218291526		10	/dccstor/fuse/outputs_eladv_pretrain/TrainIterateOverDataset_131
392	rte	0.6462093862815884	0.1427005231380462		10	/dccstor/fuse/outputs_eladv_pretrain/TrainIterateOverDataset_131
393	wnli	0.5352112676056338	0.1737460345029831		10	/dccstor/fuse/outputs_eladv_pretrain/TrainIterateOverDataset_131
394	esnli	0.9011604234527688	0.0714754569224822		10	/dccstor/fuse/outputs_eladv_pretrain/TrainIterateOverDataset_131
395	anli	0.459375	0.4560670852661133		10	/dccstor/fuse/outputs_eladv_pretrain/TrainIterateOverDataset_131
396	cola	0.8101629913710451	0.1257707595825195		11	/dccstor/fuse/outputs_eladv_pretrain/TrainIterateOverDataset_132
397	mrpc	0.8455882352941176	0.1012175753712654		11	/dccstor/fuse/outputs_eladv_pretrain/TrainIterateOverDataset_132
398	qqp	0.9023992085085332	0.0652016024046306		11	/dccstor/fuse/outputs_eladv_pretrain/TrainIterateOverDataset_132
399	stsb		0.162161648273468	0.8536335466587841	11	/dccstor/fuse/outputs_eladv_pretrain/TrainIterateOverDataset_132
400	boolq	0.6883792048929663	0.1512299684377817		11	/dccstor/fuse/outputs_eladv_pretrain/TrainIterateOverDataset_132
401	cb	0.6785714285714286	0.227023959159851		11	/dccstor/fuse/outputs_eladv_pretrain/TrainIterateOverDataset_132
402	copa	0.45	0.176115483045578		11	/dccstor/fuse/outputs_eladv_pretrain/TrainIterateOverDataset_132
403	multirc	0.6097359735973598	0.1640009252648604		11	/dccstor/fuse/outputs_eladv_pretrain/TrainIterateOverDataset_132
404	wic	0.6598746081504702	0.1657185753186544		11	/dccstor/fuse/outputs_eladv_pretrain/TrainIterateOverDataset_132
405	wsc	0.6346153846153846	0.1691062003374099		11	/dccstor/fuse/outputs_eladv_pretrain/TrainIterateOverDataset_132
406	ag_news	0.8923333333333333	0.0894720355669657		11	/dccstor/fuse/outputs_eladv_pretrain/TrainIterateOverDataset_132
407	isear	0.6258148631029987	0.2861448327700297		11	/dccstor/fuse/outputs_eladv_pretrain/TrainIterateOverDataset_132
408	yahoo_answers	0.7133333333333334	0.229109247525533		11	/dccstor/fuse/outputs_eladv_pretrain/TrainIterateOverDataset_132
409	dbpedia	0.787	0.1376678385633103		11	/dccstor/fuse/outputs_eladv_pretrain/TrainIterateOverDataset_132
410	20_newsgroup	0.8211630377057887	0.1629013126179323		11	/dccstor/fuse/outputs_eladv_pretrain/TrainIterateOverDataset_132
411	trec_fine	0.738	0.3229528665542602		11	/dccstor/fuse/outputs_eladv_pretrain/TrainIterateOverDataset_132
412	trec_coarse	0.964	0.0394632890820503		11	/dccstor/fuse/outputs_eladv_pretrain/TrainIterateOverDataset_132
413	poem_sentiment	0.6634615384615384	0.3051530718803406		11	/dccstor/fuse/outputs_eladv_pretrain/TrainIterateOverDataset_132
414	imdb	0.91156	0.0887727737426757		11	/dccstor/fuse/outputs_eladv_pretrain/TrainIterateOverDataset_132
415	rotten_tomatoes	0.8414634146341463	0.100183837554034		11	/dccstor/fuse/outputs_eladv_pretrain/TrainIterateOverDataset_132
416	sst_5bins	0.5009049773755656	0.2865941728864397		11	/dccstor/fuse/outputs_eladv_pretrain/TrainIterateOverDataset_132
417	sst2	0.908256880733945	0.0674342289566993		11	/dccstor/fuse/outputs_eladv_pretrain/TrainIterateOverDataset_132
418	amazon_reviews_multi	0.6544	0.199493637567834		11	/dccstor/fuse/outputs_eladv_pretrain/TrainIterateOverDataset_132
419	financial_phrasebank	0.511	0.2467204928398132		11	/dccstor/fuse/outputs_eladv_pretrain/TrainIterateOverDataset_132
420	tweet_ev_emoji	0.44604	0.4580305640959679		11	/dccstor/fuse/outputs_eladv_pretrain/TrainIterateOverDataset_132
421	tweet_ev_emotion	0.7895847994370162	0.1515490905098293		11	/dccstor/fuse/outputs_eladv_pretrain/TrainIterateOverDataset_132
422	tweet_ev_hate	0.5171717171717172	0.4448184967041015		11	/dccstor/fuse/outputs_eladv_pretrain/TrainIterateOverDataset_132
423	tweet_ev_irony	0.6556122448979592	0.190869390964508		11	/dccstor/fuse/outputs_eladv_pretrain/TrainIterateOverDataset_132
424	tweet_ev_offensive	0.8430232558139535	0.0897443379674639		11	/dccstor/fuse/outputs_eladv_pretrain/TrainIterateOverDataset_132
425	tweet_ev_sentiment	0.6759198957994139	0.1912361780802408		11	/dccstor/fuse/outputs_eladv_pretrain/TrainIterateOverDataset_132
426	mnli	0.8363506916192026	0.1091554226019443		11	/dccstor/fuse/outputs_eladv_pretrain/TrainIterateOverDataset_132
427	qnli	0.8932820794435292	0.0921111384103464		11	/dccstor/fuse/outputs_eladv_pretrain/TrainIterateOverDataset_132
428	rte	0.5848375451263538	0.1422317922115326		11	/dccstor/fuse/outputs_eladv_pretrain/TrainIterateOverDataset_132
429	wnli	0.5352112676056338	0.1736002117395401		11	/dccstor/fuse/outputs_eladv_pretrain/TrainIterateOverDataset_132
430	esnli	0.8987174267100977	0.0732220984124518		11	/dccstor/fuse/outputs_eladv_pretrain/TrainIterateOverDataset_132
431	anli	0.463125	0.4328634262084961		11	/dccstor/fuse/outputs_eladv_pretrain/TrainIterateOverDataset_132
432	cola	0.8197507190795782	0.1634167222415699		12	/dccstor/fuse/outputs_eladv_pretrain/TrainIterateOverDataset_133
433	mrpc	0.7990196078431373	0.1122591921261378		12	/dccstor/fuse/outputs_eladv_pretrain/TrainIterateOverDataset_133
434	qqp	0.90408112787534	0.0736871852150446		12	/dccstor/fuse/outputs_eladv_pretrain/TrainIterateOverDataset_133
435	stsb		0.1843646963437398	0.8465493155294439	12	/dccstor/fuse/outputs_eladv_pretrain/TrainIterateOverDataset_133
436	boolq	0.6908256880733945	0.1833184315608098		12	/dccstor/fuse/outputs_eladv_pretrain/TrainIterateOverDataset_133
437	cb	0.6607142857142857	0.2210573852062225		12	/dccstor/fuse/outputs_eladv_pretrain/TrainIterateOverDataset_133
438	copa	0.47	0.1746862679719925		12	/dccstor/fuse/outputs_eladv_pretrain/TrainIterateOverDataset_133
439	multirc	0.5944719471947195	0.1663449437994706		12	/dccstor/fuse/outputs_eladv_pretrain/TrainIterateOverDataset_133
440	wic	0.6520376175548589	0.1992796421051025		12	/dccstor/fuse/outputs_eladv_pretrain/TrainIterateOverDataset_133
441	wsc	0.6346153846153846	0.1705573499202728		12	/dccstor/fuse/outputs_eladv_pretrain/TrainIterateOverDataset_133
442	ag_news	0.8943333333333333	0.0976383736793031		12	/dccstor/fuse/outputs_eladv_pretrain/TrainIterateOverDataset_133
443	isear	0.6720990873533247	0.2336989442507425		12	/dccstor/fuse/outputs_eladv_pretrain/TrainIterateOverDataset_133
444	yahoo_answers	0.708	0.2330855917423329		12	/dccstor/fuse/outputs_eladv_pretrain/TrainIterateOverDataset_133
445	dbpedia	0.7876666666666666	0.1377834867923817		12	/dccstor/fuse/outputs_eladv_pretrain/TrainIterateOverDataset_133
446	20_newsgroup	0.8266064790228359	0.1605590561688956		12	/dccstor/fuse/outputs_eladv_pretrain/TrainIterateOverDataset_133
447	trec_fine	0.71	0.3705186545848846		12	/dccstor/fuse/outputs_eladv_pretrain/TrainIterateOverDataset_133
448	trec_coarse	0.958	0.0389442555606365		12	/dccstor/fuse/outputs_eladv_pretrain/TrainIterateOverDataset_133
449	poem_sentiment	0.6923076923076923	0.2215089350938797		12	/dccstor/fuse/outputs_eladv_pretrain/TrainIterateOverDataset_133
450	imdb	0.91208	0.0645342531716427		12	/dccstor/fuse/outputs_eladv_pretrain/TrainIterateOverDataset_133
451	rotten_tomatoes	0.850844277673546	0.1219670912798713		12	/dccstor/fuse/outputs_eladv_pretrain/TrainIterateOverDataset_133
452	sst_5bins	0.5144796380090497	0.3023675547705756		12	/dccstor/fuse/outputs_eladv_pretrain/TrainIterateOverDataset_133
453	sst2	0.9162844036697247	0.0591760448047092		12	/dccstor/fuse/outputs_eladv_pretrain/TrainIterateOverDataset_133
454	amazon_reviews_multi	0.652	0.199486853201178		12	/dccstor/fuse/outputs_eladv_pretrain/TrainIterateOverDataset_133
455	financial_phrasebank	0.512	0.27432382106781		12	/dccstor/fuse/outputs_eladv_pretrain/TrainIterateOverDataset_133
456	tweet_ev_emoji	0.4399	0.4750370503691456		12	/dccstor/fuse/outputs_eladv_pretrain/TrainIterateOverDataset_133
457	tweet_ev_emotion	0.7825475017593244	0.1594721856324569		12	/dccstor/fuse/outputs_eladv_pretrain/TrainIterateOverDataset_133
458	tweet_ev_hate	0.5282828282828282	0.4812722713389295		12	/dccstor/fuse/outputs_eladv_pretrain/TrainIterateOverDataset_133
459	tweet_ev_irony	0.6466836734693877	0.1777250399956336		12	/dccstor/fuse/outputs_eladv_pretrain/TrainIterateOverDataset_133
460	tweet_ev_offensive	0.8406976744186047	0.0943478601319449		12	/dccstor/fuse/outputs_eladv_pretrain/TrainIterateOverDataset_133
461	tweet_ev_sentiment	0.6935851514164767	0.1734035809834798		12	/dccstor/fuse/outputs_eladv_pretrain/TrainIterateOverDataset_133
462	mnli	0.83533360455655	0.1108908343624759		12	/dccstor/fuse/outputs_eladv_pretrain/TrainIterateOverDataset_133
463	qnli	0.8914515833790957	0.0753293370091637		12	/dccstor/fuse/outputs_eladv_pretrain/TrainIterateOverDataset_133
464	rte	0.6209386281588448	0.1655742645263672		12	/dccstor/fuse/outputs_eladv_pretrain/TrainIterateOverDataset_133
465	wnli	0.4647887323943662	0.17564557492733		12	/dccstor/fuse/outputs_eladv_pretrain/TrainIterateOverDataset_133
466	esnli	0.8716408794788274	0.0870283200190617		12	/dccstor/fuse/outputs_eladv_pretrain/TrainIterateOverDataset_133
467	anli	0.4678125	0.4628653717041016		12	/dccstor/fuse/outputs_eladv_pretrain/TrainIterateOverDataset_133
468	cola	0.8264621284755513	0.1344898343086242		13	/dccstor/fuse/outputs_eladv_pretrain/TrainIterateOverDataset_134
469	mrpc	0.8406862745098039	0.1017209887504577		13	/dccstor/fuse/outputs_eladv_pretrain/TrainIterateOverDataset_134
470	qqp	0.9012367054167696	0.0702711419214176		13	/dccstor/fuse/outputs_eladv_pretrain/TrainIterateOverDataset_134
471	stsb		0.1633014678955078	0.8455153267960456	13	/dccstor/fuse/outputs_eladv_pretrain/TrainIterateOverDataset_134
472	boolq	0.6941896024464832	0.1565715716435359		13	/dccstor/fuse/outputs_eladv_pretrain/TrainIterateOverDataset_134
473	cb	0.6428571428571429	0.2563944458961487		13	/dccstor/fuse/outputs_eladv_pretrain/TrainIterateOverDataset_134
474	copa	0.55	0.1708613336086273		13	/dccstor/fuse/outputs_eladv_pretrain/TrainIterateOverDataset_134
475	multirc	0.5874587458745875	0.1666995224199797		13	/dccstor/fuse/outputs_eladv_pretrain/TrainIterateOverDataset_134
476	wic	0.6489028213166145	0.1730247537295023		13	/dccstor/fuse/outputs_eladv_pretrain/TrainIterateOverDataset_134
477	wsc	0.6346153846153846	0.1660085320472717		13	/dccstor/fuse/outputs_eladv_pretrain/TrainIterateOverDataset_134
478	ag_news	0.8893333333333333	0.0950909455617268		13	/dccstor/fuse/outputs_eladv_pretrain/TrainIterateOverDataset_134
479	isear	0.6740547588005215	0.2424000700314839		13	/dccstor/fuse/outputs_eladv_pretrain/TrainIterateOverDataset_134
480	yahoo_answers	0.7126666666666667	0.231200893719991		13	/dccstor/fuse/outputs_eladv_pretrain/TrainIterateOverDataset_134
481	dbpedia	0.7823333333333333	0.1410019795099894		13	/dccstor/fuse/outputs_eladv_pretrain/TrainIterateOverDataset_134
482	20_newsgroup	0.8254115772703133	0.1602307659084514		13	/dccstor/fuse/outputs_eladv_pretrain/TrainIterateOverDataset_134
483	trec_fine	0.734	0.3446311950683594		13	/dccstor/fuse/outputs_eladv_pretrain/TrainIterateOverDataset_134
484	trec_coarse	0.968	0.0353655405342578		13	/dccstor/fuse/outputs_eladv_pretrain/TrainIterateOverDataset_134
485	poem_sentiment	0.6634615384615384	0.2983379364013672		13	/dccstor/fuse/outputs_eladv_pretrain/TrainIterateOverDataset_134
486	imdb	0.91296	0.0618200082608196		13	/dccstor/fuse/outputs_eladv_pretrain/TrainIterateOverDataset_134
487	rotten_tomatoes	0.8461538461538461	0.1271453885471119		13	/dccstor/fuse/outputs_eladv_pretrain/TrainIterateOverDataset_134
488	sst_5bins	0.5117647058823529	0.2843274252755301		13	/dccstor/fuse/outputs_eladv_pretrain/TrainIterateOverDataset_134
489	sst2	0.911697247706422	0.064056600843157		13	/dccstor/fuse/outputs_eladv_pretrain/TrainIterateOverDataset_134
490	amazon_reviews_multi	0.6592	0.1997799277305603		13	/dccstor/fuse/outputs_eladv_pretrain/TrainIterateOverDataset_134
491	financial_phrasebank	0.792	0.1516832709312439		13	/dccstor/fuse/outputs_eladv_pretrain/TrainIterateOverDataset_134
492	tweet_ev_emoji	0.4445	0.4693097360908528		13	/dccstor/fuse/outputs_eladv_pretrain/TrainIterateOverDataset_134
493	tweet_ev_emotion	0.7994370161857847	0.1535833607549252		13	/dccstor/fuse/outputs_eladv_pretrain/TrainIterateOverDataset_134
494	tweet_ev_hate	0.5420875420875421	0.4261066761422664		13	/dccstor/fuse/outputs_eladv_pretrain/TrainIterateOverDataset_134
495	tweet_ev_irony	0.6454081632653061	0.1511356319699968		13	/dccstor/fuse/outputs_eladv_pretrain/TrainIterateOverDataset_134
496	tweet_ev_offensive	0.8395348837209302	0.0909691708428519		13	/dccstor/fuse/outputs_eladv_pretrain/TrainIterateOverDataset_134
497	tweet_ev_sentiment	0.6852002605014653	0.1991840004920959		13	/dccstor/fuse/outputs_eladv_pretrain/TrainIterateOverDataset_134
498	mnli	0.8321806346623271	0.1103920503096147		13	/dccstor/fuse/outputs_eladv_pretrain/TrainIterateOverDataset_134
499	qnli	0.8969430715723962	0.0654594288315884		13	/dccstor/fuse/outputs_eladv_pretrain/TrainIterateOverDataset_134
500	rte	0.6570397111913358	0.1537835717201233		13	/dccstor/fuse/outputs_eladv_pretrain/TrainIterateOverDataset_134
501	wnli	0.4225352112676056	0.1733459383249282		13	/dccstor/fuse/outputs_eladv_pretrain/TrainIterateOverDataset_134
502	esnli	0.8968851791530945	0.0709768022809709		13	/dccstor/fuse/outputs_eladv_pretrain/TrainIterateOverDataset_134
503	anli	0.4615625	0.3890685272216796		13	/dccstor/fuse/outputs_eladv_pretrain/TrainIterateOverDataset_134
504	cola	0.8197507190795782	0.1373440237606273		14	/dccstor/fuse/outputs_eladv_pretrain/TrainIterateOverDataset_135
505	mrpc	0.8382352941176471	0.1147354841232299		14	/dccstor/fuse/outputs_eladv_pretrain/TrainIterateOverDataset_135
506	qqp	0.9018055899084838	0.0625680851030953		14	/dccstor/fuse/outputs_eladv_pretrain/TrainIterateOverDataset_135
507	stsb		0.1613430380821228	0.8476301215716928	14	/dccstor/fuse/outputs_eladv_pretrain/TrainIterateOverDataset_135
508	boolq	0.7	0.1913978870098407		14	/dccstor/fuse/outputs_eladv_pretrain/TrainIterateOverDataset_135
509	cb	0.5	0.2800220549106598		14	/dccstor/fuse/outputs_eladv_pretrain/TrainIterateOverDataset_135
510	copa	0.55	0.1707370430231094		14	/dccstor/fuse/outputs_eladv_pretrain/TrainIterateOverDataset_135
511	multirc	0.5823019801980198	0.1666872250406365		14	/dccstor/fuse/outputs_eladv_pretrain/TrainIterateOverDataset_135
512	wic	0.6144200626959248	0.2269088745117187		14	/dccstor/fuse/outputs_eladv_pretrain/TrainIterateOverDataset_135
513	wsc	0.6346153846153846	0.168970912694931		14	/dccstor/fuse/outputs_eladv_pretrain/TrainIterateOverDataset_135
514	ag_news	0.8883333333333333	0.0899950166543324		14	/dccstor/fuse/outputs_eladv_pretrain/TrainIterateOverDataset_135
515	isear	0.68122555410691	0.2317036191622416		14	/dccstor/fuse/outputs_eladv_pretrain/TrainIterateOverDataset_135
516	yahoo_answers	0.712	0.2411065608897107		14	/dccstor/fuse/outputs_eladv_pretrain/TrainIterateOverDataset_135
517	dbpedia	0.7866666666666666	0.139566330199546		14	/dccstor/fuse/outputs_eladv_pretrain/TrainIterateOverDataset_135
518	20_newsgroup	0.8304567180031864	0.1549027814703472		14	/dccstor/fuse/outputs_eladv_pretrain/TrainIterateOverDataset_135
519	trec_fine	0.722	0.3365715742111206		14	/dccstor/fuse/outputs_eladv_pretrain/TrainIterateOverDataset_135
520	trec_coarse	0.972	0.0326933488249778		14	/dccstor/fuse/outputs_eladv_pretrain/TrainIterateOverDataset_135
521	poem_sentiment	0.6923076923076923	0.2126374244689941		14	/dccstor/fuse/outputs_eladv_pretrain/TrainIterateOverDataset_135
522	imdb	0.91076	0.0887673029204463		14	/dccstor/fuse/outputs_eladv_pretrain/TrainIterateOverDataset_135
523	rotten_tomatoes	0.8470919324577861	0.1257608918582692		14	/dccstor/fuse/outputs_eladv_pretrain/TrainIterateOverDataset_135
524	sst_5bins	0.5067873303167421	0.2869057791573661		14	/dccstor/fuse/outputs_eladv_pretrain/TrainIterateOverDataset_135
525	sst2	0.9128440366972476	0.0596907138824462		14	/dccstor/fuse/outputs_eladv_pretrain/TrainIterateOverDataset_135
526	amazon_reviews_multi	0.6592	0.1991349935531616		14	/dccstor/fuse/outputs_eladv_pretrain/TrainIterateOverDataset_135
527	financial_phrasebank	0.821	0.1258936375379562		14	/dccstor/fuse/outputs_eladv_pretrain/TrainIterateOverDataset_135
528	tweet_ev_emoji	0.44412	0.469636141491668		14	/dccstor/fuse/outputs_eladv_pretrain/TrainIterateOverDataset_135
529	tweet_ev_emotion	0.7959183673469388	0.1453052500019902		14	/dccstor/fuse/outputs_eladv_pretrain/TrainIterateOverDataset_135
530	tweet_ev_hate	0.5484848484848485	0.4447502785540642		14	/dccstor/fuse/outputs_eladv_pretrain/TrainIterateOverDataset_135
531	tweet_ev_irony	0.6696428571428571	0.1551890556628887		14	/dccstor/fuse/outputs_eladv_pretrain/TrainIterateOverDataset_135
532	tweet_ev_offensive	0.8488372093023255	0.0960284045764378		14	/dccstor/fuse/outputs_eladv_pretrain/TrainIterateOverDataset_135
533	tweet_ev_sentiment	0.6807228915662651	0.1971875031789144		14	/dccstor/fuse/outputs_eladv_pretrain/TrainIterateOverDataset_135
534	mnli	0.830553295362083	0.1090754224108411		14	/dccstor/fuse/outputs_eladv_pretrain/TrainIterateOverDataset_135
535	qnli	0.90426505583013	0.0604848085447799		14	/dccstor/fuse/outputs_eladv_pretrain/TrainIterateOverDataset_135
536	rte	0.6245487364620939	0.1650176644325256		14	/dccstor/fuse/outputs_eladv_pretrain/TrainIterateOverDataset_135
537	wnli	0.5633802816901409	0.174922689795494		14	/dccstor/fuse/outputs_eladv_pretrain/TrainIterateOverDataset_135
538	esnli	0.887214983713355	0.0759291525010938		14	/dccstor/fuse/outputs_eladv_pretrain/TrainIterateOverDataset_135
539	anli	0.4740625	0.4499218368530273		14	/dccstor/fuse/outputs_eladv_pretrain/TrainIterateOverDataset_135
540	cola	0.8082454458293384	0.1419446187860825		15	/dccstor/fuse/outputs_eladv_pretrain/TrainIterateOverDataset_136
541	mrpc	0.8651960784313726	0.0965564250946044		15	/dccstor/fuse/outputs_eladv_pretrain/TrainIterateOverDataset_136
542	qqp	0.8993321790749443	0.0643977153150341		15	/dccstor/fuse/outputs_eladv_pretrain/TrainIterateOverDataset_136
543	stsb		0.1701817313830057	0.8407063534544851	15	/dccstor/fuse/outputs_eladv_pretrain/TrainIterateOverDataset_136
544	boolq	0.6611620795107034	0.1667105968181903		15	/dccstor/fuse/outputs_eladv_pretrain/TrainIterateOverDataset_136
545	cb	0.7142857142857143	0.2166164070367813		15	/dccstor/fuse/outputs_eladv_pretrain/TrainIterateOverDataset_136
546	copa	0.54	0.1724781095981598		15	/dccstor/fuse/outputs_eladv_pretrain/TrainIterateOverDataset_136
547	multirc	0.6186056105610561	0.1704124149523283		15	/dccstor/fuse/outputs_eladv_pretrain/TrainIterateOverDataset_136
548	wic	0.6598746081504702	0.1669714212417602		15	/dccstor/fuse/outputs_eladv_pretrain/TrainIterateOverDataset_136
549	wsc	0.5576923076923077	0.1729139387607574		15	/dccstor/fuse/outputs_eladv_pretrain/TrainIterateOverDataset_136
550	ag_news	0.893	0.0913736465129446		15	/dccstor/fuse/outputs_eladv_pretrain/TrainIterateOverDataset_136
551	isear	0.6864406779661016	0.2335151632626851		15	/dccstor/fuse/outputs_eladv_pretrain/TrainIterateOverDataset_136
552	yahoo_answers	0.7106666666666667	0.2378224929173787		15	/dccstor/fuse/outputs_eladv_pretrain/TrainIterateOverDataset_136
553	dbpedia	0.7793333333333333	0.1458150985393118		15	/dccstor/fuse/outputs_eladv_pretrain/TrainIterateOverDataset_136
554	20_newsgroup	0.8321826872012745	0.1534454054751638		15	/dccstor/fuse/outputs_eladv_pretrain/TrainIterateOverDataset_136
555	trec_fine	0.698	0.4016265273094177		15	/dccstor/fuse/outputs_eladv_pretrain/TrainIterateOverDataset_136
556	trec_coarse	0.978	0.030182559043169		15	/dccstor/fuse/outputs_eladv_pretrain/TrainIterateOverDataset_136
557	poem_sentiment	0.6634615384615384	0.2711316347122192		15	/dccstor/fuse/outputs_eladv_pretrain/TrainIterateOverDataset_136
558	imdb	0.9128	0.0676918615160695		15	/dccstor/fuse/outputs_eladv_pretrain/TrainIterateOverDataset_136
559	rotten_tomatoes	0.8405253283302064	0.1078263661440681		15	/dccstor/fuse/outputs_eladv_pretrain/TrainIterateOverDataset_136
560	sst_5bins	0.5167420814479639	0.2893207822527204		15	/dccstor/fuse/outputs_eladv_pretrain/TrainIterateOverDataset_136
561	sst2	0.9139908256880734	0.0666781365871429		15	/dccstor/fuse/outputs_eladv_pretrain/TrainIterateOverDataset_136
562	amazon_reviews_multi	0.6592	0.1989144554621056		15	/dccstor/fuse/outputs_eladv_pretrain/TrainIterateOverDataset_136
563	financial_phrasebank	0.794	0.1576194167137146		15	/dccstor/fuse/outputs_eladv_pretrain/TrainIterateOverDataset_136
564	tweet_ev_emoji	0.4411	0.4676611624715273		15	/dccstor/fuse/outputs_eladv_pretrain/TrainIterateOverDataset_136
565	tweet_ev_emotion	0.7980295566502463	0.1429029029348622		15	/dccstor/fuse/outputs_eladv_pretrain/TrainIterateOverDataset_136
566	tweet_ev_hate	0.5346801346801346	0.366110456750748		15	/dccstor/fuse/outputs_eladv_pretrain/TrainIterateOverDataset_136
567	tweet_ev_irony	0.6607142857142857	0.1671774570758526		15	/dccstor/fuse/outputs_eladv_pretrain/TrainIterateOverDataset_136
568	tweet_ev_offensive	0.85	0.0894696201596941		15	/dccstor/fuse/outputs_eladv_pretrain/TrainIterateOverDataset_136
569	tweet_ev_sentiment	0.68682839465972	0.1809045871098836		15	/dccstor/fuse/outputs_eladv_pretrain/TrainIterateOverDataset_136
570	mnli	0.8391985353946297	0.1074462865854238		15	/dccstor/fuse/outputs_eladv_pretrain/TrainIterateOverDataset_136
571	qnli	0.894746476295076	0.0835258350815884		15	/dccstor/fuse/outputs_eladv_pretrain/TrainIterateOverDataset_136
572	rte	0.6534296028880866	0.1609934687614441		15	/dccstor/fuse/outputs_eladv_pretrain/TrainIterateOverDataset_136
573	wnli	0.4647887323943662	0.1726258993148803		15	/dccstor/fuse/outputs_eladv_pretrain/TrainIterateOverDataset_136
574	esnli	0.8996335504885994	0.0716172750894125		15	/dccstor/fuse/outputs_eladv_pretrain/TrainIterateOverDataset_136
575	anli	0.4621875	0.391539077758789		15	/dccstor/fuse/outputs_eladv_pretrain/TrainIterateOverDataset_136
576	cola	0.8120805369127517	0.1187440928290872		16	/dccstor/fuse/outputs_eladv_pretrain/TrainIterateOverDataset_137
577	mrpc	0.8431372549019608	0.1126256925719124		16	/dccstor/fuse/outputs_eladv_pretrain/TrainIterateOverDataset_137
578	qqp	0.9019787286668316	0.0607222363918642		16	/dccstor/fuse/outputs_eladv_pretrain/TrainIterateOverDataset_137
579	stsb		0.16646409034729	0.842708466184955	16	/dccstor/fuse/outputs_eladv_pretrain/TrainIterateOverDataset_137
580	boolq	0.6657492354740061	0.1627883177537184		16	/dccstor/fuse/outputs_eladv_pretrain/TrainIterateOverDataset_137
581	cb	0.6785714285714286	0.2151898890733719		16	/dccstor/fuse/outputs_eladv_pretrain/TrainIterateOverDataset_137
582	copa	0.46	0.1740127503871917		16	/dccstor/fuse/outputs_eladv_pretrain/TrainIterateOverDataset_137
583	multirc	0.6103547854785478	0.1650200141103644		16	/dccstor/fuse/outputs_eladv_pretrain/TrainIterateOverDataset_137
584	wic	0.6567398119122257	0.1978566884994506		16	/dccstor/fuse/outputs_eladv_pretrain/TrainIterateOverDataset_137
585	wsc	0.6346153846153846	0.1674157083034515		16	/dccstor/fuse/outputs_eladv_pretrain/TrainIterateOverDataset_137
586	ag_news	0.8913333333333333	0.0843613843123118		16	/dccstor/fuse/outputs_eladv_pretrain/TrainIterateOverDataset_137
587	isear	0.6910039113428944	0.2289803425470988		16	/dccstor/fuse/outputs_eladv_pretrain/TrainIterateOverDataset_137
588	yahoo_answers	0.7096666666666667	0.2423398443993101		16	/dccstor/fuse/outputs_eladv_pretrain/TrainIterateOverDataset_137
589	dbpedia	0.7886666666666666	0.1367423179301809		16	/dccstor/fuse/outputs_eladv_pretrain/TrainIterateOverDataset_137
590	20_newsgroup	0.7514604354753054	0.2471633199918068		16	/dccstor/fuse/outputs_eladv_pretrain/TrainIterateOverDataset_137
591	trec_fine	0.736	0.3169293105602264		16	/dccstor/fuse/outputs_eladv_pretrain/TrainIterateOverDataset_137
592	trec_coarse	0.962	0.0419256128370761		16	/dccstor/fuse/outputs_eladv_pretrain/TrainIterateOverDataset_137
593	poem_sentiment	0.7307692307692307	0.1969406753778457		16	/dccstor/fuse/outputs_eladv_pretrain/TrainIterateOverDataset_137
594	imdb	0.9106	0.085723857440607		16	/dccstor/fuse/outputs_eladv_pretrain/TrainIterateOverDataset_137
595	rotten_tomatoes	0.8442776735459663	0.1312557856241862		16	/dccstor/fuse/outputs_eladv_pretrain/TrainIterateOverDataset_137
596	sst_5bins	0.5294117647058824	0.2990776962704128		16	/dccstor/fuse/outputs_eladv_pretrain/TrainIterateOverDataset_137
597	sst2	0.9059633027522936	0.0698102329458509		16	/dccstor/fuse/outputs_eladv_pretrain/TrainIterateOverDataset_137
598	amazon_reviews_multi	0.658	0.1952902757668796		16	/dccstor/fuse/outputs_eladv_pretrain/TrainIterateOverDataset_137
599	financial_phrasebank	0.804	0.1512621790170669		16	/dccstor/fuse/outputs_eladv_pretrain/TrainIterateOverDataset_137
600	tweet_ev_emoji	0.44428	0.4699102923693254		16	/dccstor/fuse/outputs_eladv_pretrain/TrainIterateOverDataset_137
601	tweet_ev_emotion	0.7895847994370162	0.1560181180636088		16	/dccstor/fuse/outputs_eladv_pretrain/TrainIterateOverDataset_137
602	tweet_ev_hate	0.5292929292929293	0.4537590513838098		16	/dccstor/fuse/outputs_eladv_pretrain/TrainIterateOverDataset_137
603	tweet_ev_irony	0.6658163265306123	0.1715227876390729		16	/dccstor/fuse/outputs_eladv_pretrain/TrainIterateOverDataset_137
604	tweet_ev_offensive	0.8406976744186047	0.0899982111794608		16	/dccstor/fuse/outputs_eladv_pretrain/TrainIterateOverDataset_137
605	tweet_ev_sentiment	0.6817811787691306	0.1947135925292968		16	/dccstor/fuse/outputs_eladv_pretrain/TrainIterateOverDataset_137
606	mnli	0.8359438567941416	0.1097677651937905		16	/dccstor/fuse/outputs_eladv_pretrain/TrainIterateOverDataset_137
607	qnli	0.8899871865275489	0.069853804832281		16	/dccstor/fuse/outputs_eladv_pretrain/TrainIterateOverDataset_137
608	rte	0.6425992779783394	0.1620360136032104		16	/dccstor/fuse/outputs_eladv_pretrain/TrainIterateOverDataset_137
609	wnli	0.4507042253521127	0.1743667125701904		16	/dccstor/fuse/outputs_eladv_pretrain/TrainIterateOverDataset_137
610	esnli	0.8993281758957655	0.071670135894379		16	/dccstor/fuse/outputs_eladv_pretrain/TrainIterateOverDataset_137
611	anli	0.4709375	0.3715160369873047		16	/dccstor/fuse/outputs_eladv_pretrain/TrainIterateOverDataset_137
612	cola	0.8207094918504314	0.1339985966682434		17	/dccstor/fuse/outputs_eladv_pretrain/TrainIterateOverDataset_138
613	mrpc	0.8480392156862745	0.1022228172847202		17	/dccstor/fuse/outputs_eladv_pretrain/TrainIterateOverDataset_138
614	qqp	0.9004946821667079	0.0672169818153864		17	/dccstor/fuse/outputs_eladv_pretrain/TrainIterateOverDataset_138
615	stsb		0.1919856071472168	0.8346829453884304	17	/dccstor/fuse/outputs_eladv_pretrain/TrainIterateOverDataset_138
616	boolq	0.6660550458715596	0.1598897897280179		17	/dccstor/fuse/outputs_eladv_pretrain/TrainIterateOverDataset_138
617	cb	0.7142857142857143	0.2131814658641815		17	/dccstor/fuse/outputs_eladv_pretrain/TrainIterateOverDataset_138
618	copa	0.55	0.1733035743236541		17	/dccstor/fuse/outputs_eladv_pretrain/TrainIterateOverDataset_138
619	multirc	0.5882838283828383	0.1669470134534333		17	/dccstor/fuse/outputs_eladv_pretrain/TrainIterateOverDataset_138
620	wic	0.6473354231974922	0.1776637554168701		17	/dccstor/fuse/outputs_eladv_pretrain/TrainIterateOverDataset_138
621	wsc	0.6346153846153846	0.1664778590202331		17	/dccstor/fuse/outputs_eladv_pretrain/TrainIterateOverDataset_138
622	ag_news	0.8923333333333333	0.0860317412843095		17	/dccstor/fuse/outputs_eladv_pretrain/TrainIterateOverDataset_138
623	isear	0.6688396349413298	0.2473090489705403		17	/dccstor/fuse/outputs_eladv_pretrain/TrainIterateOverDataset_138
624	yahoo_answers	0.7123333333333334	0.2345864722069273		17	/dccstor/fuse/outputs_eladv_pretrain/TrainIterateOverDataset_138
625	dbpedia	0.791	0.1412277627498545		17	/dccstor/fuse/outputs_eladv_pretrain/TrainIterateOverDataset_138
626	20_newsgroup	0.8208975039830059	0.1617900234157756		17	/dccstor/fuse/outputs_eladv_pretrain/TrainIterateOverDataset_138
627	trec_fine	0.75	0.3524928689002991		17	/dccstor/fuse/outputs_eladv_pretrain/TrainIterateOverDataset_138
628	trec_coarse	0.964	0.0372549593448638		17	/dccstor/fuse/outputs_eladv_pretrain/TrainIterateOverDataset_138
629	poem_sentiment	0.7307692307692307	0.1798291802406311		17	/dccstor/fuse/outputs_eladv_pretrain/TrainIterateOverDataset_138
630	imdb	0.90752	0.0627536627337755		17	/dccstor/fuse/outputs_eladv_pretrain/TrainIterateOverDataset_138
631	rotten_tomatoes	0.8461538461538461	0.1198135404025807		17	/dccstor/fuse/outputs_eladv_pretrain/TrainIterateOverDataset_138
632	sst_5bins	0.5076923076923077	0.2866803805033366		17	/dccstor/fuse/outputs_eladv_pretrain/TrainIterateOverDataset_138
633	sst2	0.9139908256880734	0.0649244487285614		17	/dccstor/fuse/outputs_eladv_pretrain/TrainIterateOverDataset_138
634	amazon_reviews_multi	0.6556	0.1980526839630513		17	/dccstor/fuse/outputs_eladv_pretrain/TrainIterateOverDataset_138
635	financial_phrasebank	0.515	0.2950638830661773		17	/dccstor/fuse/outputs_eladv_pretrain/TrainIterateOverDataset_138
636	tweet_ev_emoji	0.44412	0.4776293274081881		17	/dccstor/fuse/outputs_eladv_pretrain/TrainIterateOverDataset_138
637	tweet_ev_emotion	0.757213230119634	0.1784071723620096		17	/dccstor/fuse/outputs_eladv_pretrain/TrainIterateOverDataset_138
638	tweet_ev_hate	0.502020202020202	0.4138105270710397		17	/dccstor/fuse/outputs_eladv_pretrain/TrainIterateOverDataset_138
639	tweet_ev_irony	0.6224489795918368	0.1766469111809363		17	/dccstor/fuse/outputs_eladv_pretrain/TrainIterateOverDataset_138
640	tweet_ev_offensive	0.8302325581395349	0.1061414256691932		17	/dccstor/fuse/outputs_eladv_pretrain/TrainIterateOverDataset_138
641	tweet_ev_sentiment	0.6864213611201563	0.1918891072273254		17	/dccstor/fuse/outputs_eladv_pretrain/TrainIterateOverDataset_138
642	mnli	0.8320789259560618	0.1124162673950195		17	/dccstor/fuse/outputs_eladv_pretrain/TrainIterateOverDataset_138
643	qnli	0.8881566904631155	0.0878396533256353		17	/dccstor/fuse/outputs_eladv_pretrain/TrainIterateOverDataset_138
644	rte	0.6173285198555957	0.1649996042251587		17	/dccstor/fuse/outputs_eladv_pretrain/TrainIterateOverDataset_138
645	wnli	0.5633802816901409	0.1789290159940719		17	/dccstor/fuse/outputs_eladv_pretrain/TrainIterateOverDataset_138
646	esnli	0.897292345276873	0.0728431305327972		17	/dccstor/fuse/outputs_eladv_pretrain/TrainIterateOverDataset_138
647	anli	0.475	0.4177312850952148		17	/dccstor/fuse/outputs_eladv_pretrain/TrainIterateOverDataset_138
648	cola	0.8245445829338447	0.1634718951056985		18	/dccstor/fuse/outputs_eladv_pretrain/TrainIterateOverDataset_139
649	mrpc	0.821078431372549	0.1043174862861633		18	/dccstor/fuse/outputs_eladv_pretrain/TrainIterateOverDataset_139
650	qqp	0.8984417511748701	0.0624804194969466		18	/dccstor/fuse/outputs_eladv_pretrain/TrainIterateOverDataset_139
651	stsb		0.154467632373174	0.8546814317217147	18	/dccstor/fuse/outputs_eladv_pretrain/TrainIterateOverDataset_139
652	boolq	0.6669724770642201	0.1648431007678692		18	/dccstor/fuse/outputs_eladv_pretrain/TrainIterateOverDataset_139
653	cb	0.625	0.2333854883909225		18	/dccstor/fuse/outputs_eladv_pretrain/TrainIterateOverDataset_139
654	copa	0.47	0.1749913245439529		18	/dccstor/fuse/outputs_eladv_pretrain/TrainIterateOverDataset_139
655	multirc	0.6031353135313532	0.1717518630780671		18	/dccstor/fuse/outputs_eladv_pretrain/TrainIterateOverDataset_139
656	wic	0.6316614420062696	0.2269164562225341		18	/dccstor/fuse/outputs_eladv_pretrain/TrainIterateOverDataset_139
657	wsc	0.625	0.1687657088041305		18	/dccstor/fuse/outputs_eladv_pretrain/TrainIterateOverDataset_139
658	ag_news	0.8893333333333333	0.0924218867687468		18	/dccstor/fuse/outputs_eladv_pretrain/TrainIterateOverDataset_139
659	isear	0.7001303780964798	0.2222678462664286		18	/dccstor/fuse/outputs_eladv_pretrain/TrainIterateOverDataset_139
660	yahoo_answers	0.71	0.2359810687125997		18	/dccstor/fuse/outputs_eladv_pretrain/TrainIterateOverDataset_139
661	dbpedia	0.786	0.1413445168353141		18	/dccstor/fuse/outputs_eladv_pretrain/TrainIterateOverDataset_139
662	20_newsgroup	0.8255443441317047	0.1569967269897461		18	/dccstor/fuse/outputs_eladv_pretrain/TrainIterateOverDataset_139
663	trec_fine	0.72	0.3484390377998352		18	/dccstor/fuse/outputs_eladv_pretrain/TrainIterateOverDataset_139
664	trec_coarse	0.964	0.0392745248973369		18	/dccstor/fuse/outputs_eladv_pretrain/TrainIterateOverDataset_139
665	poem_sentiment	0.6634615384615384	0.2840447425842285		18	/dccstor/fuse/outputs_eladv_pretrain/TrainIterateOverDataset_139
666	imdb	0.90932	0.0781285317657548		18	/dccstor/fuse/outputs_eladv_pretrain/TrainIterateOverDataset_139
667	rotten_tomatoes	0.849906191369606	0.0996896160973443		18	/dccstor/fuse/outputs_eladv_pretrain/TrainIterateOverDataset_139
668	sst_5bins	0.5171945701357467	0.2839542388916015		18	/dccstor/fuse/outputs_eladv_pretrain/TrainIterateOverDataset_139
669	sst2	0.9197247706422018	0.0781801342964172		18	/dccstor/fuse/outputs_eladv_pretrain/TrainIterateOverDataset_139
670	amazon_reviews_multi	0.6608	0.1990017468416238		18	/dccstor/fuse/outputs_eladv_pretrain/TrainIterateOverDataset_139
671	financial_phrasebank	0.784	0.1389548480510711		18	/dccstor/fuse/outputs_eladv_pretrain/TrainIterateOverDataset_139
672	tweet_ev_emoji	0.44442	0.4609531490394221		18	/dccstor/fuse/outputs_eladv_pretrain/TrainIterateOverDataset_139
673	tweet_ev_emotion	0.788881069669247	0.1493796209494272		18	/dccstor/fuse/outputs_eladv_pretrain/TrainIterateOverDataset_139
674	tweet_ev_hate	0.5127946127946128	0.46757746757345		18	/dccstor/fuse/outputs_eladv_pretrain/TrainIterateOverDataset_139
675	tweet_ev_irony	0.6364795918367347	0.1671466460594764		18	/dccstor/fuse/outputs_eladv_pretrain/TrainIterateOverDataset_139
676	tweet_ev_offensive	0.8476744186046512	0.0905738387789045		18	/dccstor/fuse/outputs_eladv_pretrain/TrainIterateOverDataset_139
677	tweet_ev_sentiment	0.68682839465972	0.2073142528533935		18	/dccstor/fuse/outputs_eladv_pretrain/TrainIterateOverDataset_139
678	mnli	0.8319772172497966	0.1116166300587839		18	/dccstor/fuse/outputs_eladv_pretrain/TrainIterateOverDataset_139
679	qnli	0.8958447739337361	0.0872586438822191		18	/dccstor/fuse/outputs_eladv_pretrain/TrainIterateOverDataset_139
680	rte	0.6425992779783394	0.1775182485580444		18	/dccstor/fuse/outputs_eladv_pretrain/TrainIterateOverDataset_139
681	wnli	0.3943661971830985	0.1776721179485321		18	/dccstor/fuse/outputs_eladv_pretrain/TrainIterateOverDataset_139
682	esnli	0.895663680781759	0.0719800862399014		18	/dccstor/fuse/outputs_eladv_pretrain/TrainIterateOverDataset_139
683	anli	0.4646875	0.3747164535522461		18	/dccstor/fuse/outputs_eladv_pretrain/TrainIterateOverDataset_139
684	cola	0.7996164908916586	0.1550572198979994		19	/dccstor/fuse/outputs_eladv_pretrain/TrainIterateOverDataset_140
685	mrpc	0.8161764705882353	0.0994321107864379		19	/dccstor/fuse/outputs_eladv_pretrain/TrainIterateOverDataset_140
686	qqp	0.898491219391541	0.0623969307428673		19	/dccstor/fuse/outputs_eladv_pretrain/TrainIterateOverDataset_140
687	stsb		0.1526665886243184	0.8531429990367684	19	/dccstor/fuse/outputs_eladv_pretrain/TrainIterateOverDataset_140
688	boolq	0.6868501529051988	0.1766453522902268		19	/dccstor/fuse/outputs_eladv_pretrain/TrainIterateOverDataset_140
689	cb	0.7142857142857143	0.2136444896459579		19	/dccstor/fuse/outputs_eladv_pretrain/TrainIterateOverDataset_140
690	copa	0.51	0.1723098456859588		19	/dccstor/fuse/outputs_eladv_pretrain/TrainIterateOverDataset_140
691	multirc	0.5981848184818482	0.1666362034647088		19	/dccstor/fuse/outputs_eladv_pretrain/TrainIterateOverDataset_140
692	wic	0.6567398119122257	0.197673757870992		19	/dccstor/fuse/outputs_eladv_pretrain/TrainIterateOverDataset_140
693	wsc	0.6346153846153846	0.1641348302364349		19	/dccstor/fuse/outputs_eladv_pretrain/TrainIterateOverDataset_140
694	ag_news	0.8913333333333333	0.0923085415616948		19	/dccstor/fuse/outputs_eladv_pretrain/TrainIterateOverDataset_140
695	isear	0.6857887874837028	0.2272556622823079		19	/dccstor/fuse/outputs_eladv_pretrain/TrainIterateOverDataset_140
696	yahoo_answers	0.7123333333333334	0.2333666415924721		19	/dccstor/fuse/outputs_eladv_pretrain/TrainIterateOverDataset_140
697	dbpedia	0.7943333333333333	0.1383495432265261		19	/dccstor/fuse/outputs_eladv_pretrain/TrainIterateOverDataset_140
698	20_newsgroup	0.7846521508231545	0.1818175235037076		19	/dccstor/fuse/outputs_eladv_pretrain/TrainIterateOverDataset_140
699	trec_fine	0.73	0.3493970334529876		19	/dccstor/fuse/outputs_eladv_pretrain/TrainIterateOverDataset_140
700	trec_coarse	0.954	0.043777123093605		19	/dccstor/fuse/outputs_eladv_pretrain/TrainIterateOverDataset_140
701	poem_sentiment	0.6634615384615384	0.2897688746452331		19	/dccstor/fuse/outputs_eladv_pretrain/TrainIterateOverDataset_140
702	imdb	0.91432	0.0625254394453199		19	/dccstor/fuse/outputs_eladv_pretrain/TrainIterateOverDataset_140
703	rotten_tomatoes	0.8452157598499062	0.1091347301707548		19	/dccstor/fuse/outputs_eladv_pretrain/TrainIterateOverDataset_140
704	sst_5bins	0.5108597285067873	0.2889843259538923		19	/dccstor/fuse/outputs_eladv_pretrain/TrainIterateOverDataset_140
705	sst2	0.9197247706422018	0.0621889574187142		19	/dccstor/fuse/outputs_eladv_pretrain/TrainIterateOverDataset_140
706	amazon_reviews_multi	0.6576	0.2039833068847656		19	/dccstor/fuse/outputs_eladv_pretrain/TrainIterateOverDataset_140
707	financial_phrasebank	0.516	0.279080867767334		19	/dccstor/fuse/outputs_eladv_pretrain/TrainIterateOverDataset_140
708	tweet_ev_emoji	0.41228	0.4905074722016864		19	/dccstor/fuse/outputs_eladv_pretrain/TrainIterateOverDataset_140
709	tweet_ev_emotion	0.800844475721323	0.1451289757438328		19	/dccstor/fuse/outputs_eladv_pretrain/TrainIterateOverDataset_140
710	tweet_ev_hate	0.5494949494949495	0.4145557322400681		19	/dccstor/fuse/outputs_eladv_pretrain/TrainIterateOverDataset_140
711	tweet_ev_irony	0.7002551020408163	0.1489292749991783		19	/dccstor/fuse/outputs_eladv_pretrain/TrainIterateOverDataset_140
712	tweet_ev_offensive	0.8372093023255814	0.0993163755961826		19	/dccstor/fuse/outputs_eladv_pretrain/TrainIterateOverDataset_140
713	tweet_ev_sentiment	0.6678606317160534	0.2579990029335022		19	/dccstor/fuse/outputs_eladv_pretrain/TrainIterateOverDataset_140
714	mnli	0.8340113913751017	0.1090600273825905		19	/dccstor/fuse/outputs_eladv_pretrain/TrainIterateOverDataset_140
715	qnli	0.90261760937214	0.0668840299953113		19	/dccstor/fuse/outputs_eladv_pretrain/TrainIterateOverDataset_140
716	rte	0.5884476534296029	0.1732931852340698		19	/dccstor/fuse/outputs_eladv_pretrain/TrainIterateOverDataset_140
717	wnli	0.5633802816901409	0.1775818765163421		19	/dccstor/fuse/outputs_eladv_pretrain/TrainIterateOverDataset_140
718	esnli	0.9020765472312704	0.0711380165892762		19	/dccstor/fuse/outputs_eladv_pretrain/TrainIterateOverDataset_140
719	anli	0.45625	0.3274762080265925		19	/dccstor/fuse/outputs_eladv_pretrain/TrainIterateOverDataset_140
